Copyright 1986-2022 Xilinx, Inc. All Rights Reserved. Copyright 2022-2025 Advanced Micro Devices, Inc. All Rights Reserved.
----------------------------------------------------------------------------------------------------------------------------------------------------------
| Tool Version              : Vivado v.2025.1 (lin64) Build 6140274 Wed May 21 22:58:25 MDT 2025
| Date                      : Thu Dec 11 16:18:34 2025
| Host                      : Garuda running 64-bit Garuda Linux Broadwing
| Command                   : report_io -file mem_read_write_io_placed.rpt
| Design                    : mem_read_write
| Device                    : xc7a100t
| Speed File                : -1
| Package                   : csg324
| Package Version           : FINAL 2012-07-17
| Package Pin Delay Version : VERS. 2.0 2012-07-17
----------------------------------------------------------------------------------------------------------------------------------------------------------

IO Information

Table of Contents
-----------------
1. Summary
2. IO Assignments by Package Pin

1. Summary
----------

+---------------+
| Total User IO |
+---------------+
|           140 |
+---------------+


2. IO Assignments by Package Pin
--------------------------------

+------------+----------------------+------------+------------------------------+-------------+----------------+---------+------------+------+---------------------+----------------------+---------+------------+-----------+----------+----------+------------------+--------------+-------------------+--------------+
| Pin Number | Signal Name          | Bank Type  | Pin Name                     | Use         | IO Standard    | IO Bank | Drive (mA) | Slew | On-Chip Termination | Off-Chip Termination | Voltage | Constraint | Pull Type | DQS Bias | Vref     | Signal Integrity | Pre Emphasis | Lvds Pre Emphasis | Equalization |
+------------+----------------------+------------+------------------------------+-------------+----------------+---------+------------+------+---------------------+----------------------+---------+------------+-----------+----------+----------+------------------+--------------+-------------------+--------------+
| A1         |                      | High Range | IO_L9N_T1_DQS_AD7N_35        | User IO     |                |      35 |            |      |                     |                      |         |            |           |          |          |                  |              |                   |              |
| A2         |                      |            | GND                          | GND         |                |         |            |      |                     |                      |     0.0 |            |           |          |          |                  |              |                   |              |
| A3         |                      | High Range | IO_L8N_T1_AD14N_35           | User IO     |                |      35 |            |      |                     |                      |         |            |           |          |          |                  |              |                   |              |
| A4         |                      | High Range | IO_L8P_T1_AD14P_35           | User IO     |                |      35 |            |      |                     |                      |         |            |           |          |          |                  |              |                   |              |
| A5         |                      | High Range | IO_L3N_T0_DQS_AD5N_35        | User IO     |                |      35 |            |      |                     |                      |         |            |           |          |          |                  |              |                   |              |
| A6         |                      | High Range | IO_L3P_T0_DQS_AD5P_35        | User IO     |                |      35 |            |      |                     |                      |         |            |           |          |          |                  |              |                   |              |
| A7         |                      | High Range | VCCO_35                      | VCCO        |                |      35 |            |      |                     |                      |    3.30 |            |           |          |          |                  |              |                   |              |
| A8         |                      | High Range | IO_L12N_T1_MRCC_16           | User IO     |                |      16 |            |      |                     |                      |         |            |           |          |          |                  |              |                   |              |
| A9         |                      | High Range | IO_L14N_T2_SRCC_16           | User IO     |                |      16 |            |      |                     |                      |         |            |           |          |          |                  |              |                   |              |
| A10        |                      | High Range | IO_L14P_T2_SRCC_16           | User IO     |                |      16 |            |      |                     |                      |         |            |           |          |          |                  |              |                   |              |
| A11        | o_mem_ready          | High Range | IO_L4N_T0_15                 | OUTPUT      | LVCMOS18*      |      15 |         12 | SLOW |                     |            FP_VTT_50 |         | UNFIXED    |           |          |          | NONE             |              |                   |              |
| A12        |                      |            | GND                          | GND         |                |         |            |      |                     |                      |     0.0 |            |           |          |          |                  |              |                   |              |
| A13        | i_mem_addr[0]        | High Range | IO_L9P_T1_DQS_AD3P_15        | INPUT       | LVCMOS18*      |      15 |            |      |                     |                 NONE |         | UNFIXED    |           |          |          | NONE             |              |                   |              |
| A14        | i_mem_write_data[31] | High Range | IO_L9N_T1_DQS_AD3N_15        | INPUT       | LVCMOS18*      |      15 |            |      |                     |                 NONE |         | UNFIXED    |           |          |          | NONE             |              |                   |              |
| A15        | i_mem_addr[2]        | High Range | IO_L8P_T1_AD10P_15           | INPUT       | LVCMOS18*      |      15 |            |      |                     |                 NONE |         | UNFIXED    |           |          |          | NONE             |              |                   |              |
| A16        | i_mem_addr[1]        | High Range | IO_L8N_T1_AD10N_15           | INPUT       | LVCMOS18*      |      15 |            |      |                     |                 NONE |         | UNFIXED    |           |          |          | NONE             |              |                   |              |
| A17        |                      | High Range | VCCO_15                      | VCCO        |                |      15 |            |      |                     |                      |    1.80 |            |           |          |          |                  |              |                   |              |
| A18        | i_mem_write_data[29] | High Range | IO_L10N_T1_AD11N_15          | INPUT       | LVCMOS18*      |      15 |            |      |                     |                 NONE |         | UNFIXED    |           |          |          | NONE             |              |                   |              |
| B1         |                      | High Range | IO_L9P_T1_DQS_AD7P_35        | User IO     |                |      35 |            |      |                     |                      |         |            |           |          |          |                  |              |                   |              |
| B2         |                      | High Range | IO_L10N_T1_AD15N_35          | User IO     |                |      35 |            |      |                     |                      |         |            |           |          |          |                  |              |                   |              |
| B3         |                      | High Range | IO_L10P_T1_AD15P_35          | User IO     |                |      35 |            |      |                     |                      |         |            |           |          |          |                  |              |                   |              |
| B4         |                      | High Range | IO_L7N_T1_AD6N_35            | User IO     |                |      35 |            |      |                     |                      |         |            |           |          |          |                  |              |                   |              |
| B5         |                      |            | GND                          | GND         |                |         |            |      |                     |                      |     0.0 |            |           |          |          |                  |              |                   |              |
| B6         |                      | High Range | IO_L2N_T0_AD12N_35           | User IO     |                |      35 |            |      |                     |                      |         |            |           |          |          |                  |              |                   |              |
| B7         |                      | High Range | IO_L2P_T0_AD12P_35           | User IO     |                |      35 |            |      |                     |                      |         |            |           |          |          |                  |              |                   |              |
| B8         |                      | High Range | IO_L12P_T1_MRCC_16           | User IO     |                |      16 |            |      |                     |                      |         |            |           |          |          |                  |              |                   |              |
| B9         |                      | High Range | IO_L11N_T1_SRCC_16           | User IO     |                |      16 |            |      |                     |                      |         |            |           |          |          |                  |              |                   |              |
| B10        |                      | High Range | VCCO_16                      | VCCO        |                |      16 |            |      |                     |                      |   any** |            |           |          |          |                  |              |                   |              |
| B11        |                      | High Range | IO_L4P_T0_15                 | User IO     |                |      15 |            |      |                     |                      |         |            |           |          |          |                  |              |                   |              |
| B12        |                      | High Range | IO_L3N_T0_DQS_AD1N_15        | User IO     |                |      15 |            |      |                     |                      |         |            |           |          |          |                  |              |                   |              |
| B13        |                      | High Range | IO_L2P_T0_AD8P_15            | User IO     |                |      15 |            |      |                     |                      |         |            |           |          |          |                  |              |                   |              |
| B14        |                      | High Range | IO_L2N_T0_AD8N_15            | User IO     |                |      15 |            |      |                     |                      |         |            |           |          |          |                  |              |                   |              |
| B15        |                      |            | GND                          | GND         |                |         |            |      |                     |                      |     0.0 |            |           |          |          |                  |              |                   |              |
| B16        | i_mem_addr[4]        | High Range | IO_L7P_T1_AD2P_15            | INPUT       | LVCMOS18*      |      15 |            |      |                     |                 NONE |         | UNFIXED    |           |          |          | NONE             |              |                   |              |
| B17        | i_mem_addr[3]        | High Range | IO_L7N_T1_AD2N_15            | INPUT       | LVCMOS18*      |      15 |            |      |                     |                 NONE |         | UNFIXED    |           |          |          | NONE             |              |                   |              |
| B18        | i_mem_write_data[30] | High Range | IO_L10P_T1_AD11P_15          | INPUT       | LVCMOS18*      |      15 |            |      |                     |                 NONE |         | UNFIXED    |           |          |          | NONE             |              |                   |              |
| C1         |                      | High Range | IO_L16N_T2_35                | User IO     |                |      35 |            |      |                     |                      |         |            |           |          |          |                  |              |                   |              |
| C2         |                      | High Range | IO_L16P_T2_35                | User IO     |                |      35 |            |      |                     |                      |         |            |           |          |          |                  |              |                   |              |
| C3         |                      | High Range | VCCO_35                      | VCCO        |                |      35 |            |      |                     |                      |    3.30 |            |           |          |          |                  |              |                   |              |
| C4         |                      | High Range | IO_L7P_T1_AD6P_35            | User IO     |                |      35 |            |      |                     |                      |         |            |           |          |          |                  |              |                   |              |
| C5         |                      | High Range | IO_L1N_T0_AD4N_35            | User IO     |                |      35 |            |      |                     |                      |         |            |           |          |          |                  |              |                   |              |
| C6         |                      | High Range | IO_L1P_T0_AD4P_35            | User IO     |                |      35 |            |      |                     |                      |         |            |           |          |          |                  |              |                   |              |
| C7         |                      | High Range | IO_L4N_T0_35                 | User IO     |                |      35 |            |      |                     |                      |         |            |           |          |          |                  |              |                   |              |
| C8         |                      |            | GND                          | GND         |                |         |            |      |                     |                      |     0.0 |            |           |          |          |                  |              |                   |              |
| C9         |                      | High Range | IO_L11P_T1_SRCC_16           | User IO     |                |      16 |            |      |                     |                      |         |            |           |          |          |                  |              |                   |              |
| C10        |                      | High Range | IO_L13N_T2_MRCC_16           | User IO     |                |      16 |            |      |                     |                      |         |            |           |          |          |                  |              |                   |              |
| C11        |                      | High Range | IO_L13P_T2_MRCC_16           | User IO     |                |      16 |            |      |                     |                      |         |            |           |          |          |                  |              |                   |              |
| C12        |                      | High Range | IO_L3P_T0_DQS_AD1P_15        | User IO     |                |      15 |            |      |                     |                      |         |            |           |          |          |                  |              |                   |              |
| C13        |                      | High Range | VCCO_15                      | VCCO        |                |      15 |            |      |                     |                      |    1.80 |            |           |          |          |                  |              |                   |              |
| C14        |                      | High Range | IO_L1N_T0_AD0N_15            | User IO     |                |      15 |            |      |                     |                      |         |            |           |          |          |                  |              |                   |              |
| C15        | i_mem_write_data[25] | High Range | IO_L12N_T1_MRCC_15           | INPUT       | LVCMOS18*      |      15 |            |      |                     |                 NONE |         | UNFIXED    |           |          |          | NONE             |              |                   |              |
| C16        | i_mem_write_data[10] | High Range | IO_L20P_T3_A20_15            | INPUT       | LVCMOS18*      |      15 |            |      |                     |                 NONE |         | UNFIXED    |           |          |          | NONE             |              |                   |              |
| C17        | i_mem_write_data[9]  | High Range | IO_L20N_T3_A19_15            | INPUT       | LVCMOS18*      |      15 |            |      |                     |                 NONE |         | UNFIXED    |           |          |          | NONE             |              |                   |              |
| C18        |                      |            | GND                          | GND         |                |         |            |      |                     |                      |     0.0 |            |           |          |          |                  |              |                   |              |
| D1         |                      |            | GND                          | GND         |                |         |            |      |                     |                      |     0.0 |            |           |          |          |                  |              |                   |              |
| D2         |                      | High Range | IO_L14N_T2_SRCC_35           | User IO     |                |      35 |            |      |                     |                      |         |            |           |          |          |                  |              |                   |              |
| D3         |                      | High Range | IO_L12N_T1_MRCC_35           | User IO     |                |      35 |            |      |                     |                      |         |            |           |          |          |                  |              |                   |              |
| D4         |                      | High Range | IO_L11N_T1_SRCC_35           | User IO     |                |      35 |            |      |                     |                      |         |            |           |          |          |                  |              |                   |              |
| D5         |                      | High Range | IO_L11P_T1_SRCC_35           | User IO     |                |      35 |            |      |                     |                      |         |            |           |          |          |                  |              |                   |              |
| D6         |                      | High Range | VCCO_35                      | VCCO        |                |      35 |            |      |                     |                      |    3.30 |            |           |          |          |                  |              |                   |              |
| D7         |                      | High Range | IO_L6N_T0_VREF_35            | User IO     |                |      35 |            |      |                     |                      |         |            |           |          |          |                  |              |                   |              |
| D8         |                      | High Range | IO_L4P_T0_35                 | User IO     |                |      35 |            |      |                     |                      |         |            |           |          |          |                  |              |                   |              |
| D9         |                      | High Range | IO_L6N_T0_VREF_16            | User IO     |                |      16 |            |      |                     |                      |         |            |           |          |          |                  |              |                   |              |
| D10        |                      | High Range | IO_L19N_T3_VREF_16           | User IO     |                |      16 |            |      |                     |                      |         |            |           |          |          |                  |              |                   |              |
| D11        |                      |            | GND                          | GND         |                |         |            |      |                     |                      |     0.0 |            |           |          |          |                  |              |                   |              |
| D12        | i_cache_enable       | High Range | IO_L6P_T0_15                 | INPUT       | LVCMOS18*      |      15 |            |      |                     |                 NONE |         | UNFIXED    |           |          |          | NONE             |              |                   |              |
| D13        | i_mem_addr[5]        | High Range | IO_L6N_T0_VREF_15            | INPUT       | LVCMOS18*      |      15 |            |      |                     |                 NONE |         | UNFIXED    |           |          |          | NONE             |              |                   |              |
| D14        |                      | High Range | IO_L1P_T0_AD0P_15            | User IO     |                |      15 |            |      |                     |                      |         |            |           |          |          |                  |              |                   |              |
| D15        | i_mem_write_data[26] | High Range | IO_L12P_T1_MRCC_15           | INPUT       | LVCMOS18*      |      15 |            |      |                     |                 NONE |         | UNFIXED    |           |          |          | NONE             |              |                   |              |
| D16        |                      | High Range | VCCO_15                      | VCCO        |                |      15 |            |      |                     |                      |    1.80 |            |           |          |          |                  |              |                   |              |
| D17        | i_mem_write_data[17] | High Range | IO_L16N_T2_A27_15            | INPUT       | LVCMOS18*      |      15 |            |      |                     |                 NONE |         | UNFIXED    |           |          |          | NONE             |              |                   |              |
| D18        | i_mem_write_data[7]  | High Range | IO_L21N_T3_DQS_A18_15        | INPUT       | LVCMOS18*      |      15 |            |      |                     |                 NONE |         | UNFIXED    |           |          |          | NONE             |              |                   |              |
| E1         |                      | High Range | IO_L18N_T2_35                | User IO     |                |      35 |            |      |                     |                      |         |            |           |          |          |                  |              |                   |              |
| E2         |                      | High Range | IO_L14P_T2_SRCC_35           | User IO     |                |      35 |            |      |                     |                      |         |            |           |          |          |                  |              |                   |              |
| E3         | i_Clk                | High Range | IO_L12P_T1_MRCC_35           | INPUT       | LVCMOS33       |      35 |            |      |                     |                 NONE |         | FIXED      |           |          |          | NONE             |              |                   |              |
| E4         |                      |            | GND                          | GND         |                |         |            |      |                     |                      |     0.0 |            |           |          |          |                  |              |                   |              |
| E5         |                      | High Range | IO_L5N_T0_AD13N_35           | User IO     |                |      35 |            |      |                     |                      |         |            |           |          |          |                  |              |                   |              |
| E6         |                      | High Range | IO_L5P_T0_AD13P_35           | User IO     |                |      35 |            |      |                     |                      |         |            |           |          |          |                  |              |                   |              |
| E7         |                      | High Range | IO_L6P_T0_35                 | User IO     |                |      35 |            |      |                     |                      |         |            |           |          |          |                  |              |                   |              |
| E8         |                      | Dedicated  | VCCBATT_0                    | Config      |                |       0 |            |      |                     |                      |         |            |           |          |          |                  |              |                   |              |
| E9         |                      | Dedicated  | CCLK_0                       | Config      |                |       0 |            |      |                     |                      |         |            |           |          |          |                  |              |                   |              |
| E10        |                      | Dedicated  | TCK_0                        | Config      |                |       0 |            |      |                     |                      |         |            |           |          |          |                  |              |                   |              |
| E11        |                      | Dedicated  | TDI_0                        | Config      |                |       0 |            |      |                     |                      |         |            |           |          |          |                  |              |                   |              |
| E12        |                      | Dedicated  | TMS_0                        | Config      |                |       0 |            |      |                     |                      |         |            |           |          |          |                  |              |                   |              |
| E13        |                      | Dedicated  | TDO_0                        | Config      |                |       0 |            |      |                     |                      |         |            |           |          |          |                  |              |                   |              |
| E14        |                      |            | GND                          | GND         |                |         |            |      |                     |                      |     0.0 |            |           |          |          |                  |              |                   |              |
| E15        | i_mem_write_data[28] | High Range | IO_L11P_T1_SRCC_15           | INPUT       | LVCMOS18*      |      15 |            |      |                     |                 NONE |         | UNFIXED    |           |          |          | NONE             |              |                   |              |
| E16        | i_mem_write_data[27] | High Range | IO_L11N_T1_SRCC_15           | INPUT       | LVCMOS18*      |      15 |            |      |                     |                 NONE |         | UNFIXED    |           |          |          | NONE             |              |                   |              |
| E17        | i_mem_write_data[18] | High Range | IO_L16P_T2_A28_15            | INPUT       | LVCMOS18*      |      15 |            |      |                     |                 NONE |         | UNFIXED    |           |          |          | NONE             |              |                   |              |
| E18        | i_mem_write_data[8]  | High Range | IO_L21P_T3_DQS_15            | INPUT       | LVCMOS18*      |      15 |            |      |                     |                 NONE |         | UNFIXED    |           |          |          | NONE             |              |                   |              |
| F1         |                      | High Range | IO_L18P_T2_35                | User IO     |                |      35 |            |      |                     |                      |         |            |           |          |          |                  |              |                   |              |
| F2         |                      | High Range | VCCO_35                      | VCCO        |                |      35 |            |      |                     |                      |    3.30 |            |           |          |          |                  |              |                   |              |
| F3         |                      | High Range | IO_L13N_T2_MRCC_35           | User IO     |                |      35 |            |      |                     |                      |         |            |           |          |          |                  |              |                   |              |
| F4         |                      | High Range | IO_L13P_T2_MRCC_35           | User IO     |                |      35 |            |      |                     |                      |         |            |           |          |          |                  |              |                   |              |
| F5         |                      | High Range | IO_0_35                      | User IO     |                |      35 |            |      |                     |                      |         |            |           |          |          |                  |              |                   |              |
| F6         |                      | High Range | IO_L19N_T3_VREF_35           | User IO     |                |      35 |            |      |                     |                      |         |            |           |          |          |                  |              |                   |              |
| F7         |                      |            | GND                          | GND         |                |         |            |      |                     |                      |     0.0 |            |           |          |          |                  |              |                   |              |
| F8         |                      |            | VCCINT                       | VCCINT      |                |         |            |      |                     |                      |         |            |           |          |          |                  |              |                   |              |
| F9         |                      |            | GND                          | GND         |                |         |            |      |                     |                      |     0.0 |            |           |          |          |                  |              |                   |              |
| F10        |                      |            | VCCBRAM                      | VCCBRAM     |                |         |            |      |                     |                      |         |            |           |          |          |                  |              |                   |              |
| F11        |                      |            | GND                          | GND         |                |         |            |      |                     |                      |     0.0 |            |           |          |          |                  |              |                   |              |
| F12        |                      |            | VCCAUX                       | VCCAUX      |                |         |            |      |                     |                      |    1.80 |            |           |          |          |                  |              |                   |              |
| F13        | i_mem_write_DV       | High Range | IO_L5P_T0_AD9P_15            | INPUT       | LVCMOS18*      |      15 |            |      |                     |                 NONE |         | UNFIXED    |           |          |          | NONE             |              |                   |              |
| F14        | i_mem_read_DV        | High Range | IO_L5N_T0_AD9N_15            | INPUT       | LVCMOS18*      |      15 |            |      |                     |                 NONE |         | UNFIXED    |           |          |          | NONE             |              |                   |              |
| F15        | i_mem_write_data[22] | High Range | IO_L14P_T2_SRCC_15           | INPUT       | LVCMOS18*      |      15 |            |      |                     |                 NONE |         | UNFIXED    |           |          |          | NONE             |              |                   |              |
| F16        | i_mem_write_data[21] | High Range | IO_L14N_T2_SRCC_15           | INPUT       | LVCMOS18*      |      15 |            |      |                     |                 NONE |         | UNFIXED    |           |          |          | NONE             |              |                   |              |
| F17        |                      |            | GND                          | GND         |                |         |            |      |                     |                      |     0.0 |            |           |          |          |                  |              |                   |              |
| F18        | i_mem_write_data[5]  | High Range | IO_L22N_T3_A16_15            | INPUT       | LVCMOS18*      |      15 |            |      |                     |                 NONE |         | UNFIXED    |           |          |          | NONE             |              |                   |              |
| G1         |                      | High Range | IO_L17N_T2_35                | User IO     |                |      35 |            |      |                     |                      |         |            |           |          |          |                  |              |                   |              |
| G2         |                      | High Range | IO_L15N_T2_DQS_35            | User IO     |                |      35 |            |      |                     |                      |         |            |           |          |          |                  |              |                   |              |
| G3         |                      | High Range | IO_L20N_T3_35                | User IO     |                |      35 |            |      |                     |                      |         |            |           |          |          |                  |              |                   |              |
| G4         |                      | High Range | IO_L20P_T3_35                | User IO     |                |      35 |            |      |                     |                      |         |            |           |          |          |                  |              |                   |              |
| G5         |                      | High Range | VCCO_35                      | VCCO        |                |      35 |            |      |                     |                      |    3.30 |            |           |          |          |                  |              |                   |              |
| G6         |                      | High Range | IO_L19P_T3_35                | User IO     |                |      35 |            |      |                     |                      |         |            |           |          |          |                  |              |                   |              |
| G7         |                      |            | VCCINT                       | VCCINT      |                |         |            |      |                     |                      |         |            |           |          |          |                  |              |                   |              |
| G8         |                      |            | GND                          | GND         |                |         |            |      |                     |                      |     0.0 |            |           |          |          |                  |              |                   |              |
| G9         |                      |            | VCCINT                       | VCCINT      |                |         |            |      |                     |                      |         |            |           |          |          |                  |              |                   |              |
| G10        |                      |            | GND                          | GND         |                |         |            |      |                     |                      |     0.0 |            |           |          |          |                  |              |                   |              |
| G11        |                      |            | VCCBRAM                      | VCCBRAM     |                |         |            |      |                     |                      |         |            |           |          |          |                  |              |                   |              |
| G12        |                      |            | GND                          | GND         |                |         |            |      |                     |                      |     0.0 |            |           |          |          |                  |              |                   |              |
| G13        |                      | High Range | IO_0_15                      | User IO     |                |      15 |            |      |                     |                      |         |            |           |          |          |                  |              |                   |              |
| G14        | i_mem_write_data[19] | High Range | IO_L15N_T2_DQS_ADV_B_15      | INPUT       | LVCMOS18*      |      15 |            |      |                     |                 NONE |         | UNFIXED    |           |          |          | NONE             |              |                   |              |
| G15        |                      | High Range | VCCO_15                      | VCCO        |                |      15 |            |      |                     |                      |    1.80 |            |           |          |          |                  |              |                   |              |
| G16        | i_mem_write_data[23] | High Range | IO_L13N_T2_MRCC_15           | INPUT       | LVCMOS18*      |      15 |            |      |                     |                 NONE |         | UNFIXED    |           |          |          | NONE             |              |                   |              |
| G17        | i_mem_write_data[13] | High Range | IO_L18N_T2_A23_15            | INPUT       | LVCMOS18*      |      15 |            |      |                     |                 NONE |         | UNFIXED    |           |          |          | NONE             |              |                   |              |
| G18        | i_mem_write_data[6]  | High Range | IO_L22P_T3_A17_15            | INPUT       | LVCMOS18*      |      15 |            |      |                     |                 NONE |         | UNFIXED    |           |          |          | NONE             |              |                   |              |
| H1         |                      | High Range | IO_L17P_T2_35                | User IO     |                |      35 |            |      |                     |                      |         |            |           |          |          |                  |              |                   |              |
| H2         |                      | High Range | IO_L15P_T2_DQS_35            | User IO     |                |      35 |            |      |                     |                      |         |            |           |          |          |                  |              |                   |              |
| H3         |                      |            | GND                          | GND         |                |         |            |      |                     |                      |     0.0 |            |           |          |          |                  |              |                   |              |
| H4         |                      | High Range | IO_L21N_T3_DQS_35            | User IO     |                |      35 |            |      |                     |                      |         |            |           |          |          |                  |              |                   |              |
| H5         |                      | High Range | IO_L24N_T3_35                | User IO     |                |      35 |            |      |                     |                      |         |            |           |          |          |                  |              |                   |              |
| H6         |                      | High Range | IO_L24P_T3_35                | User IO     |                |      35 |            |      |                     |                      |         |            |           |          |          |                  |              |                   |              |
| H7         |                      |            | GND                          | GND         |                |         |            |      |                     |                      |     0.0 |            |           |          |          |                  |              |                   |              |
| H8         |                      |            | VCCINT                       | VCCINT      |                |         |            |      |                     |                      |         |            |           |          |          |                  |              |                   |              |
| H9         |                      | Dedicated  | GNDADC_0                     | XADC        |                |       0 |            |      |                     |                      |         |            |           |          |          |                  |              |                   |              |
| H10        |                      | Dedicated  | VCCADC_0                     | XADC        |                |       0 |            |      |                     |                      |         |            |           |          |          |                  |              |                   |              |
| H11        |                      |            | GND                          | GND         |                |         |            |      |                     |                      |     0.0 |            |           |          |          |                  |              |                   |              |
| H12        |                      |            | VCCAUX                       | VCCAUX      |                |         |            |      |                     |                      |    1.80 |            |           |          |          |                  |              |                   |              |
| H13        |                      |            | GND                          | GND         |                |         |            |      |                     |                      |     0.0 |            |           |          |          |                  |              |                   |              |
| H14        | i_mem_write_data[20] | High Range | IO_L15P_T2_DQS_15            | INPUT       | LVCMOS18*      |      15 |            |      |                     |                 NONE |         | UNFIXED    |           |          |          | NONE             |              |                   |              |
| H15        | i_mem_write_data[11] | High Range | IO_L19N_T3_A21_VREF_15       | INPUT       | LVCMOS18*      |      15 |            |      |                     |                 NONE |         | UNFIXED    |           |          |          | NONE             |              |                   |              |
| H16        | i_mem_write_data[24] | High Range | IO_L13P_T2_MRCC_15           | INPUT       | LVCMOS18*      |      15 |            |      |                     |                 NONE |         | UNFIXED    |           |          |          | NONE             |              |                   |              |
| H17        | i_mem_write_data[14] | High Range | IO_L18P_T2_A24_15            | INPUT       | LVCMOS18*      |      15 |            |      |                     |                 NONE |         | UNFIXED    |           |          |          | NONE             |              |                   |              |
| H18        |                      | High Range | VCCO_15                      | VCCO        |                |      15 |            |      |                     |                      |    1.80 |            |           |          |          |                  |              |                   |              |
| J1         |                      | High Range | VCCO_35                      | VCCO        |                |      35 |            |      |                     |                      |    3.30 |            |           |          |          |                  |              |                   |              |
| J2         |                      | High Range | IO_L22N_T3_35                | User IO     |                |      35 |            |      |                     |                      |         |            |           |          |          |                  |              |                   |              |
| J3         |                      | High Range | IO_L22P_T3_35                | User IO     |                |      35 |            |      |                     |                      |         |            |           |          |          |                  |              |                   |              |
| J4         |                      | High Range | IO_L21P_T3_DQS_35            | User IO     |                |      35 |            |      |                     |                      |         |            |           |          |          |                  |              |                   |              |
| J5         |                      | High Range | IO_25_35                     | User IO     |                |      35 |            |      |                     |                      |         |            |           |          |          |                  |              |                   |              |
| J6         |                      |            | GND                          | GND         |                |         |            |      |                     |                      |     0.0 |            |           |          |          |                  |              |                   |              |
| J7         |                      |            | VCCINT                       | VCCINT      |                |         |            |      |                     |                      |         |            |           |          |          |                  |              |                   |              |
| J8         |                      |            | GND                          | GND         |                |         |            |      |                     |                      |     0.0 |            |           |          |          |                  |              |                   |              |
| J9         |                      | Dedicated  | VREFN_0                      | XADC        |                |       0 |            |      |                     |                      |         |            |           |          |          |                  |              |                   |              |
| J10        |                      | Dedicated  | VP_0                         | XADC        |                |       0 |            |      |                     |                      |         |            |           |          |          |                  |              |                   |              |
| J11        |                      |            | VCCINT                       | VCCINT      |                |         |            |      |                     |                      |         |            |           |          |          |                  |              |                   |              |
| J12        |                      |            | GND                          | GND         |                |         |            |      |                     |                      |     0.0 |            |           |          |          |                  |              |                   |              |
| J13        | i_mem_write_data[15] | High Range | IO_L17N_T2_A25_15            | INPUT       | LVCMOS18*      |      15 |            |      |                     |                 NONE |         | UNFIXED    |           |          |          | NONE             |              |                   |              |
| J14        | i_mem_write_data[12] | High Range | IO_L19P_T3_A22_15            | INPUT       | LVCMOS18*      |      15 |            |      |                     |                 NONE |         | UNFIXED    |           |          |          | NONE             |              |                   |              |
| J15        | i_mem_write_data[1]  | High Range | IO_L24N_T3_RS0_15            | INPUT       | LVCMOS18*      |      15 |            |      |                     |                 NONE |         | UNFIXED    |           |          |          | NONE             |              |                   |              |
| J16        |                      |            | GND                          | GND         |                |         |            |      |                     |                      |     0.0 |            |           |          |          |                  |              |                   |              |
| J17        | i_mem_write_data[4]  | High Range | IO_L23P_T3_FOE_B_15          | INPUT       | LVCMOS18*      |      15 |            |      |                     |                 NONE |         | UNFIXED    |           |          |          | NONE             |              |                   |              |
| J18        | i_mem_write_data[3]  | High Range | IO_L23N_T3_FWE_B_15          | INPUT       | LVCMOS18*      |      15 |            |      |                     |                 NONE |         | UNFIXED    |           |          |          | NONE             |              |                   |              |
| K1         |                      | High Range | IO_L23N_T3_35                | User IO     |                |      35 |            |      |                     |                      |         |            |           |          |          |                  |              |                   |              |
| K2         |                      | High Range | IO_L23P_T3_35                | User IO     |                |      35 |            |      |                     |                      |         |            |           |          |          |                  |              |                   |              |
| K3         |                      | High Range | IO_L2P_T0_34                 | User IO     |                |      34 |            |      |                     |                      |         |            |           |          |          |                  |              |                   |              |
| K4         |                      | High Range | VCCO_34                      | VCCO        |                |      34 |            |      |                     |                      |    1.80 |            |           |          |          |                  |              |                   |              |
| K5         | ddr2_addr[11]        | High Range | IO_L5P_T0_34                 | OUTPUT      | SSTL18_II      |      34 |            | FAST |                     |  NP_VTT_50_FP_VTT_50 |         | FIXED      |           |          |          | NONE             |              |                   |              |
| K6         | ddr2_cs_n[0]         | High Range | IO_0_34                      | OUTPUT      | SSTL18_II      |      34 |            | FAST |                     |  NP_VTT_50_FP_VTT_50 |         | FIXED      |           |          |          | NONE             |              |                   |              |
| K7         |                      |            | GND                          | GND         |                |         |            |      |                     |                      |     0.0 |            |           |          |          |                  |              |                   |              |
| K8         |                      |            | VCCINT                       | VCCINT      |                |         |            |      |                     |                      |         |            |           |          |          |                  |              |                   |              |
| K9         |                      | Dedicated  | VN_0                         | XADC        |                |       0 |            |      |                     |                      |         |            |           |          |          |                  |              |                   |              |
| K10        |                      | Dedicated  | VREFP_0                      | XADC        |                |       0 |            |      |                     |                      |         |            |           |          |          |                  |              |                   |              |
| K11        |                      |            | GND                          | GND         |                |         |            |      |                     |                      |     0.0 |            |           |          |          |                  |              |                   |              |
| K12        |                      |            | VCCAUX                       | VCCAUX      |                |         |            |      |                     |                      |    1.80 |            |           |          |          |                  |              |                   |              |
| K13        | i_mem_write_data[16] | High Range | IO_L17P_T2_A26_15            | INPUT       | LVCMOS18*      |      15 |            |      |                     |                 NONE |         | UNFIXED    |           |          |          | NONE             |              |                   |              |
| K14        |                      | High Range | VCCO_15                      | VCCO        |                |      15 |            |      |                     |                      |    1.80 |            |           |          |          |                  |              |                   |              |
| K15        | i_mem_write_data[2]  | High Range | IO_L24P_T3_RS1_15            | INPUT       | LVCMOS18*      |      15 |            |      |                     |                 NONE |         | UNFIXED    |           |          |          | NONE             |              |                   |              |
| K16        | i_mem_write_data[0]  | High Range | IO_25_15                     | INPUT       | LVCMOS18*      |      15 |            |      |                     |                 NONE |         | UNFIXED    |           |          |          | NONE             |              |                   |              |
| K17        | o_mem_read_data[30]  | High Range | IO_L1P_T0_D00_MOSI_14        | OUTPUT      | LVCMOS18*      |      14 |         12 | SLOW |                     |            FP_VTT_50 |         | UNFIXED    |           |          |          | NONE             |              |                   |              |
| K18        | o_mem_read_data[29]  | High Range | IO_L1N_T0_D01_DIN_14         | OUTPUT      | LVCMOS18*      |      14 |         12 | SLOW |                     |            FP_VTT_50 |         | UNFIXED    |           |          |          | NONE             |              |                   |              |
| L1         | ddr2_cas_n           | High Range | IO_L1P_T0_34                 | OUTPUT      | SSTL18_II      |      34 |            | FAST |                     |  NP_VTT_50_FP_VTT_50 |         | FIXED      |           |          |          | NONE             |              |                   |              |
| L2         |                      |            | GND                          | GND         |                |         |            |      |                     |                      |     0.0 |            |           |          |          |                  |              |                   |              |
| L3         | ddr2_addr[4]         | High Range | IO_L2N_T0_34                 | OUTPUT      | SSTL18_II      |      34 |            | FAST |                     |  NP_VTT_50_FP_VTT_50 |         | FIXED      |           |          |          | NONE             |              |                   |              |
| L4         | ddr2_addr[8]         | High Range | IO_L5N_T0_34                 | OUTPUT      | SSTL18_II      |      34 |            | FAST |                     |  NP_VTT_50_FP_VTT_50 |         | FIXED      |           |          |          | NONE             |              |                   |              |
| L5         | ddr2_ck_n[0]         | High Range | IO_L6N_T0_VREF_34            | OUTPUT      | DIFF_SSTL18_II |      34 |            | FAST |                     |  NP_VTT_50_FP_VTT_50 |         | FIXED      |           |          |          | NONE             |              |                   |              |
| L6         | ddr2_ck_p[0]         | High Range | IO_L6P_T0_34                 | OUTPUT      | DIFF_SSTL18_II |      34 |            | FAST |                     |  NP_VTT_50_FP_VTT_50 |         | FIXED      |           |          |          | NONE             |              |                   |              |
| L7         |                      |            | VCCINT                       | VCCINT      |                |         |            |      |                     |                      |         |            |           |          |          |                  |              |                   |              |
| L8         |                      |            | GND                          | GND         |                |         |            |      |                     |                      |     0.0 |            |           |          |          |                  |              |                   |              |
| L9         |                      | Dedicated  | DXN_0                        | Temp Sensor |                |       0 |            |      |                     |                      |         |            |           |          |          |                  |              |                   |              |
| L10        |                      | Dedicated  | DXP_0                        | Temp Sensor |                |       0 |            |      |                     |                      |         |            |           |          |          |                  |              |                   |              |
| L11        |                      |            | VCCINT                       | VCCINT      |                |         |            |      |                     |                      |         |            |           |          |          |                  |              |                   |              |
| L12        |                      |            | GND                          | GND         |                |         |            |      |                     |                      |     0.0 |            |           |          |          |                  |              |                   |              |
| L13        | o_mem_read_data[20]  | High Range | IO_L6P_T0_FCS_B_14           | OUTPUT      | LVCMOS18*      |      14 |         12 | SLOW |                     |            FP_VTT_50 |         | UNFIXED    |           |          |          | NONE             |              |                   |              |
| L14        | o_mem_read_data[28]  | High Range | IO_L2P_T0_D02_14             | OUTPUT      | LVCMOS18*      |      14 |         12 | SLOW |                     |            FP_VTT_50 |         | UNFIXED    |           |          |          | NONE             |              |                   |              |
| L15        | o_mem_read_data[26]  | High Range | IO_L3P_T0_DQS_PUDC_B_14      | OUTPUT      | LVCMOS18*      |      14 |         12 | SLOW |                     |            FP_VTT_50 |         | UNFIXED    |           |          |          | NONE             |              |                   |              |
| L16        | o_mem_read_data[25]  | High Range | IO_L3N_T0_DQS_EMCCLK_14      | OUTPUT      | LVCMOS18*      |      14 |         12 | SLOW |                     |            FP_VTT_50 |         | UNFIXED    |           |          |          | NONE             |              |                   |              |
| L17        |                      | High Range | VCCO_14                      | VCCO        |                |      14 |            |      |                     |                      |    1.80 |            |           |          |          |                  |              |                   |              |
| L18        | o_mem_read_data[24]  | High Range | IO_L4P_T0_D04_14             | OUTPUT      | LVCMOS18*      |      14 |         12 | SLOW |                     |            FP_VTT_50 |         | UNFIXED    |           |          |          | NONE             |              |                   |              |
| M1         | ddr2_cke[0]          | High Range | IO_L1N_T0_34                 | OUTPUT      | SSTL18_II      |      34 |            | FAST |                     |  NP_VTT_50_FP_VTT_50 |         | FIXED      |           |          |          | NONE             |              |                   |              |
| M2         | ddr2_addr[6]         | High Range | IO_L4N_T0_34                 | OUTPUT      | SSTL18_II      |      34 |            | FAST |                     |  NP_VTT_50_FP_VTT_50 |         | FIXED      |           |          |          | NONE             |              |                   |              |
| M3         | ddr2_odt[0]          | High Range | IO_L4P_T0_34                 | OUTPUT      | SSTL18_II      |      34 |            | FAST |                     |  NP_VTT_50_FP_VTT_50 |         | FIXED      |           |          |          | NONE             |              |                   |              |
| M4         | ddr2_addr[0]         | High Range | IO_L16P_T2_34                | OUTPUT      | SSTL18_II      |      34 |            | FAST |                     |  NP_VTT_50_FP_VTT_50 |         | FIXED      |           |          |          | NONE             |              |                   |              |
| M5         |                      |            | GND                          | GND         |                |         |            |      |                     |                      |     0.0 |            |           |          |          |                  |              |                   |              |
| M6         | ddr2_addr[2]         | High Range | IO_L18P_T2_34                | OUTPUT      | SSTL18_II      |      34 |            | FAST |                     |  NP_VTT_50_FP_VTT_50 |         | FIXED      |           |          |          | NONE             |              |                   |              |
| M7         |                      |            | GND                          | GND         |                |         |            |      |                     |                      |     0.0 |            |           |          |          |                  |              |                   |              |
| M8         |                      |            | VCCINT                       | VCCINT      |                |         |            |      |                     |                      |         |            |           |          |          |                  |              |                   |              |
| M9         |                      |            | GND                          | GND         |                |         |            |      |                     |                      |     0.0 |            |           |          |          |                  |              |                   |              |
| M10        |                      |            | VCCINT                       | VCCINT      |                |         |            |      |                     |                      |         |            |           |          |          |                  |              |                   |              |
| M11        |                      |            | GND                          | GND         |                |         |            |      |                     |                      |     0.0 |            |           |          |          |                  |              |                   |              |
| M12        |                      |            | VCCAUX                       | VCCAUX      |                |         |            |      |                     |                      |    1.80 |            |           |          |          |                  |              |                   |              |
| M13        | o_mem_read_data[19]  | High Range | IO_L6N_T0_D08_VREF_14        | OUTPUT      | LVCMOS18*      |      14 |         12 | SLOW |                     |            FP_VTT_50 |         | UNFIXED    |           |          |          | NONE             |              |                   |              |
| M14        | o_mem_read_data[27]  | High Range | IO_L2N_T0_D03_14             | OUTPUT      | LVCMOS18*      |      14 |         12 | SLOW |                     |            FP_VTT_50 |         | UNFIXED    |           |          |          | NONE             |              |                   |              |
| M15        |                      |            | GND                          | GND         |                |         |            |      |                     |                      |     0.0 |            |           |          |          |                  |              |                   |              |
| M16        | o_mem_read_data[12]  | High Range | IO_L10P_T1_D14_14            | OUTPUT      | LVCMOS18*      |      14 |         12 | SLOW |                     |            FP_VTT_50 |         | UNFIXED    |           |          |          | NONE             |              |                   |              |
| M17        | o_mem_read_data[11]  | High Range | IO_L10N_T1_D15_14            | OUTPUT      | LVCMOS18*      |      14 |         12 | SLOW |                     |            FP_VTT_50 |         | UNFIXED    |           |          |          | NONE             |              |                   |              |
| M18        | o_mem_read_data[23]  | High Range | IO_L4N_T0_D05_14             | OUTPUT      | LVCMOS18*      |      14 |         12 | SLOW |                     |            FP_VTT_50 |         | UNFIXED    |           |          |          | NONE             |              |                   |              |
| N1         | ddr2_addr[7]         | High Range | IO_L3N_T0_DQS_34             | OUTPUT      | SSTL18_II      |      34 |            | FAST |                     |  NP_VTT_50_FP_VTT_50 |         | FIXED      |           |          |          | NONE             |              |                   |              |
| N2         | ddr2_we_n            | High Range | IO_L3P_T0_DQS_34             | OUTPUT      | SSTL18_II      |      34 |            | FAST |                     |  NP_VTT_50_FP_VTT_50 |         | FIXED      |           |          |          | NONE             |              |                   |              |
| N3         |                      | High Range | VCCO_34                      | VCCO        |                |      34 |            |      |                     |                      |    1.80 |            |           |          |          |                  |              |                   |              |
| N4         | ddr2_ras_n           | High Range | IO_L16N_T2_34                | OUTPUT      | SSTL18_II      |      34 |            | FAST |                     |  NP_VTT_50_FP_VTT_50 |         | FIXED      |           |          |          | NONE             |              |                   |              |
| N5         | ddr2_addr[9]         | High Range | IO_L13P_T2_MRCC_34           | OUTPUT      | SSTL18_II      |      34 |            | FAST |                     |  NP_VTT_50_FP_VTT_50 |         | FIXED      |           |          |          | NONE             |              |                   |              |
| N6         | ddr2_addr[12]        | High Range | IO_L18N_T2_34                | OUTPUT      | SSTL18_II      |      34 |            | FAST |                     |  NP_VTT_50_FP_VTT_50 |         | FIXED      |           |          |          | NONE             |              |                   |              |
| N7         |                      |            | VCCINT                       | VCCINT      |                |         |            |      |                     |                      |         |            |           |          |          |                  |              |                   |              |
| N8         |                      |            | GND                          | GND         |                |         |            |      |                     |                      |     0.0 |            |           |          |          |                  |              |                   |              |
| N9         |                      |            | VCCINT                       | VCCINT      |                |         |            |      |                     |                      |         |            |           |          |          |                  |              |                   |              |
| N10        |                      |            | GND                          | GND         |                |         |            |      |                     |                      |     0.0 |            |           |          |          |                  |              |                   |              |
| N11        |                      |            | VCCINT                       | VCCINT      |                |         |            |      |                     |                      |         |            |           |          |          |                  |              |                   |              |
| N12        |                      |            | GND                          | GND         |                |         |            |      |                     |                      |     0.0 |            |           |          |          |                  |              |                   |              |
| N13        |                      | High Range | VCCO_14                      | VCCO        |                |      14 |            |      |                     |                      |    1.80 |            |           |          |          |                  |              |                   |              |
| N14        | o_mem_read_data[16]  | High Range | IO_L8P_T1_D11_14             | OUTPUT      | LVCMOS18*      |      14 |         12 | SLOW |                     |            FP_VTT_50 |         | UNFIXED    |           |          |          | NONE             |              |                   |              |
| N15        | o_mem_read_data[10]  | High Range | IO_L11P_T1_SRCC_14           | OUTPUT      | LVCMOS18*      |      14 |         12 | SLOW |                     |            FP_VTT_50 |         | UNFIXED    |           |          |          | NONE             |              |                   |              |
| N16        | o_mem_read_data[9]   | High Range | IO_L11N_T1_SRCC_14           | OUTPUT      | LVCMOS18*      |      14 |         12 | SLOW |                     |            FP_VTT_50 |         | UNFIXED    |           |          |          | NONE             |              |                   |              |
| N17        | o_mem_read_data[14]  | High Range | IO_L9P_T1_DQS_14             | OUTPUT      | LVCMOS18*      |      14 |         12 | SLOW |                     |            FP_VTT_50 |         | UNFIXED    |           |          |          | NONE             |              |                   |              |
| N18        |                      |            | GND                          | GND         |                |         |            |      |                     |                      |     0.0 |            |           |          |          |                  |              |                   |              |
| P1         |                      |            | GND                          | GND         |                |         |            |      |                     |                      |     0.0 |            |           |          |          |                  |              |                   |              |
| P2         | ddr2_ba[0]           | High Range | IO_L15P_T2_DQS_34            | OUTPUT      | SSTL18_II      |      34 |            | FAST |                     |  NP_VTT_50_FP_VTT_50 |         | FIXED      |           |          |          | NONE             |              |                   |              |
| P3         | ddr2_ba[1]           | High Range | IO_L14N_T2_SRCC_34           | OUTPUT      | SSTL18_II      |      34 |            | FAST |                     |  NP_VTT_50_FP_VTT_50 |         | FIXED      |           |          |          | NONE             |              |                   |              |
| P4         | ddr2_addr[1]         | High Range | IO_L14P_T2_SRCC_34           | OUTPUT      | SSTL18_II      |      34 |            | FAST |                     |  NP_VTT_50_FP_VTT_50 |         | FIXED      |           |          |          | NONE             |              |                   |              |
| P5         | ddr2_addr[5]         | High Range | IO_L13N_T2_MRCC_34           | OUTPUT      | SSTL18_II      |      34 |            | FAST |                     |  NP_VTT_50_FP_VTT_50 |         | FIXED      |           |          |          | NONE             |              |                   |              |
| P6         |                      | High Range | VCCO_34                      | VCCO        |                |      34 |            |      |                     |                      |    1.80 |            |           |          |          |                  |              |                   |              |
| P7         |                      | Dedicated  | INIT_B_0                     | Config      |                |       0 |            |      |                     |                      |         |            |           |          |          |                  |              |                   |              |
| P8         |                      | Dedicated  | CFGBVS_0                     | Config      |                |       0 |            |      |                     |                      |    3.30 |            |           |          |          |                  |              |                   |              |
| P9         |                      | Dedicated  | PROGRAM_B_0                  | Config      |                |       0 |            |      |                     |                      |         |            |           |          |          |                  |              |                   |              |
| P10        |                      | Dedicated  | DONE_0                       | Config      |                |       0 |            |      |                     |                      |         |            |           |          |          |                  |              |                   |              |
| P11        |                      | Dedicated  | M2_0                         | Config      |                |       0 |            |      |                     |                      |         |            |           |          |          |                  |              |                   |              |
| P12        |                      | Dedicated  | M0_0                         | Config      |                |       0 |            |      |                     |                      |         |            |           |          |          |                  |              |                   |              |
| P13        |                      | Dedicated  | M1_0                         | Config      |                |       0 |            |      |                     |                      |         |            |           |          |          |                  |              |                   |              |
| P14        | o_mem_read_data[15]  | High Range | IO_L8N_T1_D12_14             | OUTPUT      | LVCMOS18*      |      14 |         12 | SLOW |                     |            FP_VTT_50 |         | UNFIXED    |           |          |          | NONE             |              |                   |              |
| P15        | o_mem_read_data[6]   | High Range | IO_L13P_T2_MRCC_14           | OUTPUT      | LVCMOS18*      |      14 |         12 | SLOW |                     |            FP_VTT_50 |         | UNFIXED    |           |          |          | NONE             |              |                   |              |
| P16        |                      | High Range | VCCO_14                      | VCCO        |                |      14 |            |      |                     |                      |    1.80 |            |           |          |          |                  |              |                   |              |
| P17        | o_mem_read_data[8]   | High Range | IO_L12P_T1_MRCC_14           | OUTPUT      | LVCMOS18*      |      14 |         12 | SLOW |                     |            FP_VTT_50 |         | UNFIXED    |           |          |          | NONE             |              |                   |              |
| P18        | o_mem_read_data[13]  | High Range | IO_L9N_T1_DQS_D13_14         | OUTPUT      | LVCMOS18*      |      14 |         12 | SLOW |                     |            FP_VTT_50 |         | UNFIXED    |           |          |          | NONE             |              |                   |              |
| R1         | ddr2_ba[2]           | High Range | IO_L17P_T2_34                | OUTPUT      | SSTL18_II      |      34 |            | FAST |                     |  NP_VTT_50_FP_VTT_50 |         | FIXED      |           |          |          | NONE             |              |                   |              |
| R2         | ddr2_addr[10]        | High Range | IO_L15N_T2_DQS_34            | OUTPUT      | SSTL18_II      |      34 |            | FAST |                     |  NP_VTT_50_FP_VTT_50 |         | FIXED      |           |          |          | NONE             |              |                   |              |
| R3         |                      | High Range | IO_L11P_T1_SRCC_34           | User IO     |                |      34 |            |      |                     |                      |         |            |           |          |          |                  |              |                   |              |
| R4         |                      |            | GND                          | GND         |                |         |            |      |                     |                      |     0.0 |            |           |          |          |                  |              |                   |              |
| R5         | ddr2_dq[7]           | High Range | IO_L19N_T3_VREF_34           | BIDIR       | SSTL18_II      |      34 |            | FAST |    UNTUNED_SPLIT_50 |  NP_VTT_50_FP_VTT_50 |         | FIXED      |           |          | Internal | NONE             |              |                   |              |
| R6         | ddr2_dq[5]           | High Range | IO_L19P_T3_34                | BIDIR       | SSTL18_II      |      34 |            | FAST |    UNTUNED_SPLIT_50 |  NP_VTT_50_FP_VTT_50 |         | FIXED      |           |          | Internal | NONE             |              |                   |              |
| R7         | ddr2_dq[0]           | High Range | IO_L23P_T3_34                | BIDIR       | SSTL18_II      |      34 |            | FAST |    UNTUNED_SPLIT_50 |  NP_VTT_50_FP_VTT_50 |         | FIXED      |           |          | Internal | NONE             |              |                   |              |
| R8         | ddr2_dq[2]           | High Range | IO_L24P_T3_34                | BIDIR       | SSTL18_II      |      34 |            | FAST |    UNTUNED_SPLIT_50 |  NP_VTT_50_FP_VTT_50 |         | FIXED      |           |          | Internal | NONE             |              |                   |              |
| R9         |                      | Dedicated  | VCCO_0                       | VCCO        |                |       0 |            |      |                     |                      |    3.30 |            |           |          |          |                  |              |                   |              |
| R10        | i_mem_addr[6]        | High Range | IO_25_14                     | INPUT       | LVCMOS18*      |      14 |            |      |                     |                 NONE |         | UNFIXED    |           |          |          | NONE             |              |                   |              |
| R11        | o_mem_read_data[31]  | High Range | IO_0_14                      | OUTPUT      | LVCMOS18*      |      14 |         12 | SLOW |                     |            FP_VTT_50 |         | UNFIXED    |           |          |          | NONE             |              |                   |              |
| R12        | o_mem_read_data[22]  | High Range | IO_L5P_T0_D06_14             | OUTPUT      | LVCMOS18*      |      14 |         12 | SLOW |                     |            FP_VTT_50 |         | UNFIXED    |           |          |          | NONE             |              |                   |              |
| R13        | o_mem_read_data[21]  | High Range | IO_L5N_T0_D07_14             | OUTPUT      | LVCMOS18*      |      14 |         12 | SLOW |                     |            FP_VTT_50 |         | UNFIXED    |           |          |          | NONE             |              |                   |              |
| R14        |                      |            | GND                          | GND         |                |         |            |      |                     |                      |     0.0 |            |           |          |          |                  |              |                   |              |
| R15        | o_mem_read_data[5]   | High Range | IO_L13N_T2_MRCC_14           | OUTPUT      | LVCMOS18*      |      14 |         12 | SLOW |                     |            FP_VTT_50 |         | UNFIXED    |           |          |          | NONE             |              |                   |              |
| R16        | o_mem_read_data[2]   | High Range | IO_L15P_T2_DQS_RDWR_B_14     | OUTPUT      | LVCMOS18*      |      14 |         12 | SLOW |                     |            FP_VTT_50 |         | UNFIXED    |           |          |          | NONE             |              |                   |              |
| R17        | o_mem_read_data[7]   | High Range | IO_L12N_T1_MRCC_14           | OUTPUT      | LVCMOS18*      |      14 |         12 | SLOW |                     |            FP_VTT_50 |         | UNFIXED    |           |          |          | NONE             |              |                   |              |
| R18        | o_mem_read_data[18]  | High Range | IO_L7P_T1_D09_14             | OUTPUT      | LVCMOS18*      |      14 |         12 | SLOW |                     |            FP_VTT_50 |         | UNFIXED    |           |          |          | NONE             |              |                   |              |
| T1         | ddr2_addr[3]         | High Range | IO_L17N_T2_34                | OUTPUT      | SSTL18_II      |      34 |            | FAST |                     |  NP_VTT_50_FP_VTT_50 |         | FIXED      |           |          |          | NONE             |              |                   |              |
| T2         |                      | High Range | VCCO_34                      | VCCO        |                |      34 |            |      |                     |                      |    1.80 |            |           |          |          |                  |              |                   |              |
| T3         | ddr2_dq[15]          | High Range | IO_L11N_T1_SRCC_34           | BIDIR       | SSTL18_II      |      34 |            | FAST |    UNTUNED_SPLIT_50 |  NP_VTT_50_FP_VTT_50 |         | FIXED      |           |          | Internal | NONE             |              |                   |              |
| T4         | ddr2_dq[13]          | High Range | IO_L12N_T1_MRCC_34           | BIDIR       | SSTL18_II      |      34 |            | FAST |    UNTUNED_SPLIT_50 |  NP_VTT_50_FP_VTT_50 |         | FIXED      |           |          | Internal | NONE             |              |                   |              |
| T5         | ddr2_dq[8]           | High Range | IO_L12P_T1_MRCC_34           | BIDIR       | SSTL18_II      |      34 |            | FAST |    UNTUNED_SPLIT_50 |  NP_VTT_50_FP_VTT_50 |         | FIXED      |           |          | Internal | NONE             |              |                   |              |
| T6         | ddr2_dm[0]           | High Range | IO_L23N_T3_34                | TRISTATE    | SSTL18_II      |      34 |            | FAST |                     |  NP_VTT_50_FP_VTT_50 |         | FIXED      |           |          |          | NONE             |              |                   |              |
| T7         |                      |            | GND                          | GND         |                |         |            |      |                     |                      |     0.0 |            |           |          |          |                  |              |                   |              |
| T8         |                      | High Range | IO_L24N_T3_34                | User IO     |                |      34 |            |      |                     |                      |         |            |           |          |          |                  |              |                   |              |
| T9         | i_mem_addr[8]        | High Range | IO_L24P_T3_A01_D17_14        | INPUT       | LVCMOS18*      |      14 |            |      |                     |                 NONE |         | UNFIXED    |           |          |          | NONE             |              |                   |              |
| T10        | i_mem_addr[7]        | High Range | IO_L24N_T3_A00_D16_14        | INPUT       | LVCMOS18*      |      14 |            |      |                     |                 NONE |         | UNFIXED    |           |          |          | NONE             |              |                   |              |
| T11        | i_mem_addr[18]       | High Range | IO_L19P_T3_A10_D26_14        | INPUT       | LVCMOS18*      |      14 |            |      |                     |                 NONE |         | UNFIXED    |           |          |          | NONE             |              |                   |              |
| T12        |                      | High Range | VCCO_14                      | VCCO        |                |      14 |            |      |                     |                      |    1.80 |            |           |          |          |                  |              |                   |              |
| T13        | i_mem_addr[10]       | High Range | IO_L23P_T3_A03_D19_14        | INPUT       | LVCMOS18*      |      14 |            |      |                     |                 NONE |         | UNFIXED    |           |          |          | NONE             |              |                   |              |
| T14        | o_mem_read_data[4]   | High Range | IO_L14P_T2_SRCC_14           | OUTPUT      | LVCMOS18*      |      14 |         12 | SLOW |                     |            FP_VTT_50 |         | UNFIXED    |           |          |          | NONE             |              |                   |              |
| T15        | o_mem_read_data[3]   | High Range | IO_L14N_T2_SRCC_14           | OUTPUT      | LVCMOS18*      |      14 |         12 | SLOW |                     |            FP_VTT_50 |         | UNFIXED    |           |          |          | NONE             |              |                   |              |
| T16        | o_mem_read_data[1]   | High Range | IO_L15N_T2_DQS_DOUT_CSO_B_14 | OUTPUT      | LVCMOS18*      |      14 |         12 | SLOW |                     |            FP_VTT_50 |         | UNFIXED    |           |          |          | NONE             |              |                   |              |
| T17        |                      |            | GND                          | GND         |                |         |            |      |                     |                      |     0.0 |            |           |          |          |                  |              |                   |              |
| T18        | o_mem_read_data[17]  | High Range | IO_L7N_T1_D10_14             | OUTPUT      | LVCMOS18*      |      14 |         12 | SLOW |                     |            FP_VTT_50 |         | UNFIXED    |           |          |          | NONE             |              |                   |              |
| U1         | ddr2_dm[1]           | High Range | IO_L7P_T1_34                 | TRISTATE    | SSTL18_II      |      34 |            | FAST |                     |  NP_VTT_50_FP_VTT_50 |         | FIXED      |           |          |          | NONE             |              |                   |              |
| U2         | ddr2_dqs_p[1]        | High Range | IO_L9P_T1_DQS_34             | BIDIR       | DIFF_SSTL18_II |      34 |            | FAST |                     |  NP_VTT_50_FP_VTT_50 |         | FIXED      |           |          |          | NONE             |              |                   |              |
| U3         | ddr2_dq[9]           | High Range | IO_L8N_T1_34                 | BIDIR       | SSTL18_II      |      34 |            | FAST |    UNTUNED_SPLIT_50 |  NP_VTT_50_FP_VTT_50 |         | FIXED      |           |          | Internal | NONE             |              |                   |              |
| U4         | ddr2_dq[11]          | High Range | IO_L8P_T1_34                 | BIDIR       | SSTL18_II      |      34 |            | FAST |    UNTUNED_SPLIT_50 |  NP_VTT_50_FP_VTT_50 |         | FIXED      |           |          | Internal | NONE             |              |                   |              |
| U5         |                      | High Range | VCCO_34                      | VCCO        |                |      34 |            |      |                     |                      |    1.80 |            |           |          |          |                  |              |                   |              |
| U6         | ddr2_dq[6]           | High Range | IO_L22N_T3_34                | BIDIR       | SSTL18_II      |      34 |            | FAST |    UNTUNED_SPLIT_50 |  NP_VTT_50_FP_VTT_50 |         | FIXED      |           |          | Internal | NONE             |              |                   |              |
| U7         | ddr2_dq[3]           | High Range | IO_L22P_T3_34                | BIDIR       | SSTL18_II      |      34 |            | FAST |    UNTUNED_SPLIT_50 |  NP_VTT_50_FP_VTT_50 |         | FIXED      |           |          | Internal | NONE             |              |                   |              |
| U8         |                      | High Range | IO_25_34                     | User IO     |                |      34 |            |      |                     |                      |         |            |           |          |          |                  |              |                   |              |
| U9         | ddr2_dqs_p[0]        | High Range | IO_L21P_T3_DQS_34            | BIDIR       | DIFF_SSTL18_II |      34 |            | FAST |                     |  NP_VTT_50_FP_VTT_50 |         | FIXED      |           |          |          | NONE             |              |                   |              |
| U10        |                      |            | GND                          | GND         |                |         |            |      |                     |                      |     0.0 |            |           |          |          |                  |              |                   |              |
| U11        | i_mem_addr[17]       | High Range | IO_L19N_T3_A09_D25_VREF_14   | INPUT       | LVCMOS18*      |      14 |            |      |                     |                 NONE |         | UNFIXED    |           |          |          | NONE             |              |                   |              |
| U12        | i_mem_addr[16]       | High Range | IO_L20P_T3_A08_D24_14        | INPUT       | LVCMOS18*      |      14 |            |      |                     |                 NONE |         | UNFIXED    |           |          |          | NONE             |              |                   |              |
| U13        | i_mem_addr[9]        | High Range | IO_L23N_T3_A02_D18_14        | INPUT       | LVCMOS18*      |      14 |            |      |                     |                 NONE |         | UNFIXED    |           |          |          | NONE             |              |                   |              |
| U14        | i_mem_addr[12]       | High Range | IO_L22P_T3_A05_D21_14        | INPUT       | LVCMOS18*      |      14 |            |      |                     |                 NONE |         | UNFIXED    |           |          |          | NONE             |              |                   |              |
| U15        |                      | High Range | VCCO_14                      | VCCO        |                |      14 |            |      |                     |                      |    1.80 |            |           |          |          |                  |              |                   |              |
| U16        | i_mem_addr[20]       | High Range | IO_L18P_T2_A12_D28_14        | INPUT       | LVCMOS18*      |      14 |            |      |                     |                 NONE |         | UNFIXED    |           |          |          | NONE             |              |                   |              |
| U17        | i_mem_addr[22]       | High Range | IO_L17P_T2_A14_D30_14        | INPUT       | LVCMOS18*      |      14 |            |      |                     |                 NONE |         | UNFIXED    |           |          |          | NONE             |              |                   |              |
| U18        | i_mem_addr[21]       | High Range | IO_L17N_T2_A13_D29_14        | INPUT       | LVCMOS18*      |      14 |            |      |                     |                 NONE |         | UNFIXED    |           |          |          | NONE             |              |                   |              |
| V1         | ddr2_dq[14]          | High Range | IO_L7N_T1_34                 | BIDIR       | SSTL18_II      |      34 |            | FAST |    UNTUNED_SPLIT_50 |  NP_VTT_50_FP_VTT_50 |         | FIXED      |           |          | Internal | NONE             |              |                   |              |
| V2         | ddr2_dqs_n[1]        | High Range | IO_L9N_T1_DQS_34             | BIDIR       | DIFF_SSTL18_II |      34 |            | FAST |                     |  NP_VTT_50_FP_VTT_50 |         | FIXED      |           |          |          | NONE             |              |                   |              |
| V3         |                      |            | GND                          | GND         |                |         |            |      |                     |                      |     0.0 |            |           |          |          |                  |              |                   |              |
| V4         | ddr2_dq[12]          | High Range | IO_L10N_T1_34                | BIDIR       | SSTL18_II      |      34 |            | FAST |    UNTUNED_SPLIT_50 |  NP_VTT_50_FP_VTT_50 |         | FIXED      |           |          | Internal | NONE             |              |                   |              |
| V5         | ddr2_dq[10]          | High Range | IO_L10P_T1_34                | BIDIR       | SSTL18_II      |      34 |            | FAST |    UNTUNED_SPLIT_50 |  NP_VTT_50_FP_VTT_50 |         | FIXED      |           |          | Internal | NONE             |              |                   |              |
| V6         | ddr2_dq[1]           | High Range | IO_L20N_T3_34                | BIDIR       | SSTL18_II      |      34 |            | FAST |    UNTUNED_SPLIT_50 |  NP_VTT_50_FP_VTT_50 |         | FIXED      |           |          | Internal | NONE             |              |                   |              |
| V7         | ddr2_dq[4]           | High Range | IO_L20P_T3_34                | BIDIR       | SSTL18_II      |      34 |            | FAST |    UNTUNED_SPLIT_50 |  NP_VTT_50_FP_VTT_50 |         | FIXED      |           |          | Internal | NONE             |              |                   |              |
| V8         |                      | High Range | VCCO_34                      | VCCO        |                |      34 |            |      |                     |                      |    1.80 |            |           |          |          |                  |              |                   |              |
| V9         | ddr2_dqs_n[0]        | High Range | IO_L21N_T3_DQS_34            | BIDIR       | DIFF_SSTL18_II |      34 |            | FAST |                     |  NP_VTT_50_FP_VTT_50 |         | FIXED      |           |          |          | NONE             |              |                   |              |
| V10        | i_mem_addr[14]       | High Range | IO_L21P_T3_DQS_14            | INPUT       | LVCMOS18*      |      14 |            |      |                     |                 NONE |         | UNFIXED    |           |          |          | NONE             |              |                   |              |
| V11        | i_mem_addr[13]       | High Range | IO_L21N_T3_DQS_A06_D22_14    | INPUT       | LVCMOS18*      |      14 |            |      |                     |                 NONE |         | UNFIXED    |           |          |          | NONE             |              |                   |              |
| V12        | i_mem_addr[15]       | High Range | IO_L20N_T3_A07_D23_14        | INPUT       | LVCMOS18*      |      14 |            |      |                     |                 NONE |         | UNFIXED    |           |          |          | NONE             |              |                   |              |
| V13        |                      |            | GND                          | GND         |                |         |            |      |                     |                      |     0.0 |            |           |          |          |                  |              |                   |              |
| V14        | i_mem_addr[11]       | High Range | IO_L22N_T3_A04_D20_14        | INPUT       | LVCMOS18*      |      14 |            |      |                     |                 NONE |         | UNFIXED    |           |          |          | NONE             |              |                   |              |
| V15        | o_mem_read_data[0]   | High Range | IO_L16P_T2_CSI_B_14          | OUTPUT      | LVCMOS18*      |      14 |         12 | SLOW |                     |            FP_VTT_50 |         | UNFIXED    |           |          |          | NONE             |              |                   |              |
| V16        | i_mem_addr[23]       | High Range | IO_L16N_T2_A15_D31_14        | INPUT       | LVCMOS18*      |      14 |            |      |                     |                 NONE |         | UNFIXED    |           |          |          | NONE             |              |                   |              |
| V17        | i_mem_addr[19]       | High Range | IO_L18N_T2_A11_D27_14        | INPUT       | LVCMOS18*      |      14 |            |      |                     |                 NONE |         | UNFIXED    |           |          |          | NONE             |              |                   |              |
| V18        |                      | High Range | VCCO_14                      | VCCO        |                |      14 |            |      |                     |                      |    1.80 |            |           |          |          |                  |              |                   |              |
+------------+----------------------+------------+------------------------------+-------------+----------------+---------+------------+------+---------------------+----------------------+---------+------------+-----------+----------+----------+------------------+--------------+-------------------+--------------+
* Default value
** Special VCCO requirements may apply. Please consult the device family datasheet for specific guideline on VCCO requirements.


