Copyright 1986-2022 Xilinx, Inc. All Rights Reserved. Copyright 2022-2025 Advanced Micro Devices, Inc. All Rights Reserved.
---------------------------------------------------------------------------------------------------------------------------------------------
| Tool Version : Vivado v.2025.2 (lin64) Build 6299465 Fri Nov 14 12:34:56 MST 2025
| Date         : Mon Mar 30 11:39:19 2026
| Host         : Garuda running 64-bit Garuda Linux Broadwing
| Command      : report_methodology -file opt_report_methodology_0.rpt -pb opt_report_methodology_0.pb -rpx opt_report_methodology_0.rpx
| Design       : FPGA_CPU_32_bits_cache
| Device       : xc7a100tcsg324-1
| Speed File   : -1
| Design State : Synthesized
---------------------------------------------------------------------------------------------------------------------------------------------

Report Methodology

Table of Contents
-----------------
1. REPORT SUMMARY
2. REPORT DETAILS

1. REPORT SUMMARY
-----------------
            Netlist: netlist
          Floorplan: design_1
      Design limits: <entire design considered>
             Max checks: <unlimited>
             Checks found: 400
+-----------+----------+-----------------------------------------------------------+--------+
| Rule      | Severity | Description                                               | Checks |
+-----------+----------+-----------------------------------------------------------+--------+
| LUTAR-1   | Warning  | LUT drives async reset alert                              | 2      |
| SYNTH-5   | Warning  | Mapped onto distributed RAM because of timing constraints | 192    |
| SYNTH-6   | Warning  | Timing of a RAM block might be sub-optimal                | 15     |
| SYNTH-10  | Warning  | Wide multiplier                                           | 4      |
| TIMING-10 | Warning  | Missing property on synchronizer                          | 1      |
| TIMING-15 | Warning  | Large hold violation                                      | 169    |
| XDCB-5    | Warning  | Runtime inefficient way to find pin objects               | 1      |
| REQP-1959 | Advisory | connects_SERDES_RST_driver_not_FF                         | 16     |
+-----------+----------+-----------------------------------------------------------+--------+

2. REPORT DETAILS
-----------------
LUTAR-1#1 Warning
LUT drives async reset alert  
LUT cell mem_read_write/ddr2_control/mig_7series_0/u_mig_7series_0_mig/u_iodelay_ctrl/rstdiv2_sync_r[11]_i_1, with 2 or more inputs, drives asynchronous preset/clear pin(s) mem_read_write/ddr2_control/mig_7series_0/u_mig_7series_0_mig/u_ddr2_infrastructure/rstdiv0_sync_r1_reg_rep__7/PRE,
mem_read_write/ddr2_control/mig_7series_0/u_mig_7series_0_mig/u_ddr2_infrastructure/rstdiv0_sync_r1_reg_rep__8/PRE,
mem_read_write/ddr2_control/mig_7series_0/u_mig_7series_0_mig/u_ddr2_infrastructure/rstdiv0_sync_r1_reg_rep__9/PRE,
mem_read_write/ddr2_control/mig_7series_0/u_mig_7series_0_mig/u_ddr2_infrastructure/rstdiv0_sync_r_reg[0]/PRE,
mem_read_write/ddr2_control/mig_7series_0/u_mig_7series_0_mig/u_ddr2_infrastructure/rstdiv0_sync_r_reg[10]/PRE,
mem_read_write/ddr2_control/mig_7series_0/u_mig_7series_0_mig/u_ddr2_infrastructure/rstdiv0_sync_r_reg[11]/PRE,
mem_read_write/ddr2_control/mig_7series_0/u_mig_7series_0_mig/u_ddr2_infrastructure/rstdiv0_sync_r_reg[1]/PRE,
mem_read_write/ddr2_control/mig_7series_0/u_mig_7series_0_mig/u_ddr2_infrastructure/rstdiv0_sync_r_reg[2]/PRE,
mem_read_write/ddr2_control/mig_7series_0/u_mig_7series_0_mig/u_ddr2_infrastructure/rstdiv0_sync_r_reg[3]/PRE,
mem_read_write/ddr2_control/mig_7series_0/u_mig_7series_0_mig/u_ddr2_infrastructure/rstdiv0_sync_r_reg[4]/PRE,
mem_read_write/ddr2_control/mig_7series_0/u_mig_7series_0_mig/u_ddr2_infrastructure/rstdiv0_sync_r_reg[5]/PRE,
mem_read_write/ddr2_control/mig_7series_0/u_mig_7series_0_mig/u_ddr2_infrastructure/rstdiv0_sync_r_reg[6]/PRE,
mem_read_write/ddr2_control/mig_7series_0/u_mig_7series_0_mig/u_ddr2_infrastructure/rstdiv0_sync_r_reg[7]/PRE,
mem_read_write/ddr2_control/mig_7series_0/u_mig_7series_0_mig/u_ddr2_infrastructure/rstdiv0_sync_r_reg[8]/PRE,
mem_read_write/ddr2_control/mig_7series_0/u_mig_7series_0_mig/u_ddr2_infrastructure/rstdiv0_sync_r_reg[9]/PRE
 (the first 15 of 29 listed). The LUT may glitch and trigger an unexpected reset, even if it is a properly timed path.
Related violations: <none>

LUTAR-1#2 Warning
LUT drives async reset alert  
LUT cell mem_read_write/ddr2_control/mig_7series_0_i_1, with 2 or more inputs, drives asynchronous preset/clear pin(s) mem_read_write/clk_wiz_0/inst/mmcm_adv_inst/RST. The LUT may glitch and trigger an unexpected reset, even if it is a properly timed path.
Related violations: <none>

SYNTH-5#1 Warning
Mapped onto distributed RAM because of timing constraints  
The instance mem_read_write/cache_val_addr_reg_0_255_0_0 is implemented as distributed LUT RAM for the following reason: The timing constraints suggest that the chosen mapping will yield a better timing.
Related violations: <none>

SYNTH-5#2 Warning
Mapped onto distributed RAM because of timing constraints  
The instance mem_read_write/cache_val_addr_reg_0_255_10_10 is implemented as distributed LUT RAM for the following reason: The timing constraints suggest that the chosen mapping will yield a better timing.
Related violations: <none>

SYNTH-5#3 Warning
Mapped onto distributed RAM because of timing constraints  
The instance mem_read_write/cache_val_addr_reg_0_255_12_12 is implemented as distributed LUT RAM for the following reason: The timing constraints suggest that the chosen mapping will yield a better timing.
Related violations: <none>

SYNTH-5#4 Warning
Mapped onto distributed RAM because of timing constraints  
The instance mem_read_write/cache_val_addr_reg_0_255_1_1 is implemented as distributed LUT RAM for the following reason: The timing constraints suggest that the chosen mapping will yield a better timing.
Related violations: <none>

SYNTH-5#5 Warning
Mapped onto distributed RAM because of timing constraints  
The instance mem_read_write/cache_val_addr_reg_0_255_2_2 is implemented as distributed LUT RAM for the following reason: The timing constraints suggest that the chosen mapping will yield a better timing.
Related violations: <none>

SYNTH-5#6 Warning
Mapped onto distributed RAM because of timing constraints  
The instance mem_read_write/cache_val_addr_reg_0_255_3_3 is implemented as distributed LUT RAM for the following reason: The timing constraints suggest that the chosen mapping will yield a better timing.
Related violations: <none>

SYNTH-5#7 Warning
Mapped onto distributed RAM because of timing constraints  
The instance mem_read_write/cache_val_addr_reg_0_255_4_4 is implemented as distributed LUT RAM for the following reason: The timing constraints suggest that the chosen mapping will yield a better timing.
Related violations: <none>

SYNTH-5#8 Warning
Mapped onto distributed RAM because of timing constraints  
The instance mem_read_write/cache_val_addr_reg_0_255_5_5 is implemented as distributed LUT RAM for the following reason: The timing constraints suggest that the chosen mapping will yield a better timing.
Related violations: <none>

SYNTH-5#9 Warning
Mapped onto distributed RAM because of timing constraints  
The instance mem_read_write/cache_val_addr_reg_0_255_6_6 is implemented as distributed LUT RAM for the following reason: The timing constraints suggest that the chosen mapping will yield a better timing.
Related violations: <none>

SYNTH-5#10 Warning
Mapped onto distributed RAM because of timing constraints  
The instance mem_read_write/cache_val_addr_reg_0_255_7_7 is implemented as distributed LUT RAM for the following reason: The timing constraints suggest that the chosen mapping will yield a better timing.
Related violations: <none>

SYNTH-5#11 Warning
Mapped onto distributed RAM because of timing constraints  
The instance mem_read_write/cache_val_addr_reg_0_255_8_8 is implemented as distributed LUT RAM for the following reason: The timing constraints suggest that the chosen mapping will yield a better timing.
Related violations: <none>

SYNTH-5#12 Warning
Mapped onto distributed RAM because of timing constraints  
The instance mem_read_write/cache_val_addr_reg_0_255_9_9 is implemented as distributed LUT RAM for the following reason: The timing constraints suggest that the chosen mapping will yield a better timing.
Related violations: <none>

SYNTH-5#13 Warning
Mapped onto distributed RAM because of timing constraints  
The instance mem_read_write/cache_val_addr_reg_1024_1279_0_0 is implemented as distributed LUT RAM for the following reason: The timing constraints suggest that the chosen mapping will yield a better timing.
Related violations: <none>

SYNTH-5#14 Warning
Mapped onto distributed RAM because of timing constraints  
The instance mem_read_write/cache_val_addr_reg_1024_1279_10_10 is implemented as distributed LUT RAM for the following reason: The timing constraints suggest that the chosen mapping will yield a better timing.
Related violations: <none>

SYNTH-5#15 Warning
Mapped onto distributed RAM because of timing constraints  
The instance mem_read_write/cache_val_addr_reg_1024_1279_12_12 is implemented as distributed LUT RAM for the following reason: The timing constraints suggest that the chosen mapping will yield a better timing.
Related violations: <none>

SYNTH-5#16 Warning
Mapped onto distributed RAM because of timing constraints  
The instance mem_read_write/cache_val_addr_reg_1024_1279_1_1 is implemented as distributed LUT RAM for the following reason: The timing constraints suggest that the chosen mapping will yield a better timing.
Related violations: <none>

SYNTH-5#17 Warning
Mapped onto distributed RAM because of timing constraints  
The instance mem_read_write/cache_val_addr_reg_1024_1279_2_2 is implemented as distributed LUT RAM for the following reason: The timing constraints suggest that the chosen mapping will yield a better timing.
Related violations: <none>

SYNTH-5#18 Warning
Mapped onto distributed RAM because of timing constraints  
The instance mem_read_write/cache_val_addr_reg_1024_1279_3_3 is implemented as distributed LUT RAM for the following reason: The timing constraints suggest that the chosen mapping will yield a better timing.
Related violations: <none>

SYNTH-5#19 Warning
Mapped onto distributed RAM because of timing constraints  
The instance mem_read_write/cache_val_addr_reg_1024_1279_4_4 is implemented as distributed LUT RAM for the following reason: The timing constraints suggest that the chosen mapping will yield a better timing.
Related violations: <none>

SYNTH-5#20 Warning
Mapped onto distributed RAM because of timing constraints  
The instance mem_read_write/cache_val_addr_reg_1024_1279_5_5 is implemented as distributed LUT RAM for the following reason: The timing constraints suggest that the chosen mapping will yield a better timing.
Related violations: <none>

SYNTH-5#21 Warning
Mapped onto distributed RAM because of timing constraints  
The instance mem_read_write/cache_val_addr_reg_1024_1279_6_6 is implemented as distributed LUT RAM for the following reason: The timing constraints suggest that the chosen mapping will yield a better timing.
Related violations: <none>

SYNTH-5#22 Warning
Mapped onto distributed RAM because of timing constraints  
The instance mem_read_write/cache_val_addr_reg_1024_1279_7_7 is implemented as distributed LUT RAM for the following reason: The timing constraints suggest that the chosen mapping will yield a better timing.
Related violations: <none>

SYNTH-5#23 Warning
Mapped onto distributed RAM because of timing constraints  
The instance mem_read_write/cache_val_addr_reg_1024_1279_8_8 is implemented as distributed LUT RAM for the following reason: The timing constraints suggest that the chosen mapping will yield a better timing.
Related violations: <none>

SYNTH-5#24 Warning
Mapped onto distributed RAM because of timing constraints  
The instance mem_read_write/cache_val_addr_reg_1024_1279_9_9 is implemented as distributed LUT RAM for the following reason: The timing constraints suggest that the chosen mapping will yield a better timing.
Related violations: <none>

SYNTH-5#25 Warning
Mapped onto distributed RAM because of timing constraints  
The instance mem_read_write/cache_val_addr_reg_1280_1535_0_0 is implemented as distributed LUT RAM for the following reason: The timing constraints suggest that the chosen mapping will yield a better timing.
Related violations: <none>

SYNTH-5#26 Warning
Mapped onto distributed RAM because of timing constraints  
The instance mem_read_write/cache_val_addr_reg_1280_1535_10_10 is implemented as distributed LUT RAM for the following reason: The timing constraints suggest that the chosen mapping will yield a better timing.
Related violations: <none>

SYNTH-5#27 Warning
Mapped onto distributed RAM because of timing constraints  
The instance mem_read_write/cache_val_addr_reg_1280_1535_12_12 is implemented as distributed LUT RAM for the following reason: The timing constraints suggest that the chosen mapping will yield a better timing.
Related violations: <none>

SYNTH-5#28 Warning
Mapped onto distributed RAM because of timing constraints  
The instance mem_read_write/cache_val_addr_reg_1280_1535_1_1 is implemented as distributed LUT RAM for the following reason: The timing constraints suggest that the chosen mapping will yield a better timing.
Related violations: <none>

SYNTH-5#29 Warning
Mapped onto distributed RAM because of timing constraints  
The instance mem_read_write/cache_val_addr_reg_1280_1535_2_2 is implemented as distributed LUT RAM for the following reason: The timing constraints suggest that the chosen mapping will yield a better timing.
Related violations: <none>

SYNTH-5#30 Warning
Mapped onto distributed RAM because of timing constraints  
The instance mem_read_write/cache_val_addr_reg_1280_1535_3_3 is implemented as distributed LUT RAM for the following reason: The timing constraints suggest that the chosen mapping will yield a better timing.
Related violations: <none>

SYNTH-5#31 Warning
Mapped onto distributed RAM because of timing constraints  
The instance mem_read_write/cache_val_addr_reg_1280_1535_4_4 is implemented as distributed LUT RAM for the following reason: The timing constraints suggest that the chosen mapping will yield a better timing.
Related violations: <none>

SYNTH-5#32 Warning
Mapped onto distributed RAM because of timing constraints  
The instance mem_read_write/cache_val_addr_reg_1280_1535_5_5 is implemented as distributed LUT RAM for the following reason: The timing constraints suggest that the chosen mapping will yield a better timing.
Related violations: <none>

SYNTH-5#33 Warning
Mapped onto distributed RAM because of timing constraints  
The instance mem_read_write/cache_val_addr_reg_1280_1535_6_6 is implemented as distributed LUT RAM for the following reason: The timing constraints suggest that the chosen mapping will yield a better timing.
Related violations: <none>

SYNTH-5#34 Warning
Mapped onto distributed RAM because of timing constraints  
The instance mem_read_write/cache_val_addr_reg_1280_1535_7_7 is implemented as distributed LUT RAM for the following reason: The timing constraints suggest that the chosen mapping will yield a better timing.
Related violations: <none>

SYNTH-5#35 Warning
Mapped onto distributed RAM because of timing constraints  
The instance mem_read_write/cache_val_addr_reg_1280_1535_8_8 is implemented as distributed LUT RAM for the following reason: The timing constraints suggest that the chosen mapping will yield a better timing.
Related violations: <none>

SYNTH-5#36 Warning
Mapped onto distributed RAM because of timing constraints  
The instance mem_read_write/cache_val_addr_reg_1280_1535_9_9 is implemented as distributed LUT RAM for the following reason: The timing constraints suggest that the chosen mapping will yield a better timing.
Related violations: <none>

SYNTH-5#37 Warning
Mapped onto distributed RAM because of timing constraints  
The instance mem_read_write/cache_val_addr_reg_1536_1791_0_0 is implemented as distributed LUT RAM for the following reason: The timing constraints suggest that the chosen mapping will yield a better timing.
Related violations: <none>

SYNTH-5#38 Warning
Mapped onto distributed RAM because of timing constraints  
The instance mem_read_write/cache_val_addr_reg_1536_1791_10_10 is implemented as distributed LUT RAM for the following reason: The timing constraints suggest that the chosen mapping will yield a better timing.
Related violations: <none>

SYNTH-5#39 Warning
Mapped onto distributed RAM because of timing constraints  
The instance mem_read_write/cache_val_addr_reg_1536_1791_12_12 is implemented as distributed LUT RAM for the following reason: The timing constraints suggest that the chosen mapping will yield a better timing.
Related violations: <none>

SYNTH-5#40 Warning
Mapped onto distributed RAM because of timing constraints  
The instance mem_read_write/cache_val_addr_reg_1536_1791_1_1 is implemented as distributed LUT RAM for the following reason: The timing constraints suggest that the chosen mapping will yield a better timing.
Related violations: <none>

SYNTH-5#41 Warning
Mapped onto distributed RAM because of timing constraints  
The instance mem_read_write/cache_val_addr_reg_1536_1791_2_2 is implemented as distributed LUT RAM for the following reason: The timing constraints suggest that the chosen mapping will yield a better timing.
Related violations: <none>

SYNTH-5#42 Warning
Mapped onto distributed RAM because of timing constraints  
The instance mem_read_write/cache_val_addr_reg_1536_1791_3_3 is implemented as distributed LUT RAM for the following reason: The timing constraints suggest that the chosen mapping will yield a better timing.
Related violations: <none>

SYNTH-5#43 Warning
Mapped onto distributed RAM because of timing constraints  
The instance mem_read_write/cache_val_addr_reg_1536_1791_4_4 is implemented as distributed LUT RAM for the following reason: The timing constraints suggest that the chosen mapping will yield a better timing.
Related violations: <none>

SYNTH-5#44 Warning
Mapped onto distributed RAM because of timing constraints  
The instance mem_read_write/cache_val_addr_reg_1536_1791_5_5 is implemented as distributed LUT RAM for the following reason: The timing constraints suggest that the chosen mapping will yield a better timing.
Related violations: <none>

SYNTH-5#45 Warning
Mapped onto distributed RAM because of timing constraints  
The instance mem_read_write/cache_val_addr_reg_1536_1791_6_6 is implemented as distributed LUT RAM for the following reason: The timing constraints suggest that the chosen mapping will yield a better timing.
Related violations: <none>

SYNTH-5#46 Warning
Mapped onto distributed RAM because of timing constraints  
The instance mem_read_write/cache_val_addr_reg_1536_1791_7_7 is implemented as distributed LUT RAM for the following reason: The timing constraints suggest that the chosen mapping will yield a better timing.
Related violations: <none>

SYNTH-5#47 Warning
Mapped onto distributed RAM because of timing constraints  
The instance mem_read_write/cache_val_addr_reg_1536_1791_8_8 is implemented as distributed LUT RAM for the following reason: The timing constraints suggest that the chosen mapping will yield a better timing.
Related violations: <none>

SYNTH-5#48 Warning
Mapped onto distributed RAM because of timing constraints  
The instance mem_read_write/cache_val_addr_reg_1536_1791_9_9 is implemented as distributed LUT RAM for the following reason: The timing constraints suggest that the chosen mapping will yield a better timing.
Related violations: <none>

SYNTH-5#49 Warning
Mapped onto distributed RAM because of timing constraints  
The instance mem_read_write/cache_val_addr_reg_1792_2047_0_0 is implemented as distributed LUT RAM for the following reason: The timing constraints suggest that the chosen mapping will yield a better timing.
Related violations: <none>

SYNTH-5#50 Warning
Mapped onto distributed RAM because of timing constraints  
The instance mem_read_write/cache_val_addr_reg_1792_2047_10_10 is implemented as distributed LUT RAM for the following reason: The timing constraints suggest that the chosen mapping will yield a better timing.
Related violations: <none>

SYNTH-5#51 Warning
Mapped onto distributed RAM because of timing constraints  
The instance mem_read_write/cache_val_addr_reg_1792_2047_12_12 is implemented as distributed LUT RAM for the following reason: The timing constraints suggest that the chosen mapping will yield a better timing.
Related violations: <none>

SYNTH-5#52 Warning
Mapped onto distributed RAM because of timing constraints  
The instance mem_read_write/cache_val_addr_reg_1792_2047_1_1 is implemented as distributed LUT RAM for the following reason: The timing constraints suggest that the chosen mapping will yield a better timing.
Related violations: <none>

SYNTH-5#53 Warning
Mapped onto distributed RAM because of timing constraints  
The instance mem_read_write/cache_val_addr_reg_1792_2047_2_2 is implemented as distributed LUT RAM for the following reason: The timing constraints suggest that the chosen mapping will yield a better timing.
Related violations: <none>

SYNTH-5#54 Warning
Mapped onto distributed RAM because of timing constraints  
The instance mem_read_write/cache_val_addr_reg_1792_2047_3_3 is implemented as distributed LUT RAM for the following reason: The timing constraints suggest that the chosen mapping will yield a better timing.
Related violations: <none>

SYNTH-5#55 Warning
Mapped onto distributed RAM because of timing constraints  
The instance mem_read_write/cache_val_addr_reg_1792_2047_4_4 is implemented as distributed LUT RAM for the following reason: The timing constraints suggest that the chosen mapping will yield a better timing.
Related violations: <none>

SYNTH-5#56 Warning
Mapped onto distributed RAM because of timing constraints  
The instance mem_read_write/cache_val_addr_reg_1792_2047_5_5 is implemented as distributed LUT RAM for the following reason: The timing constraints suggest that the chosen mapping will yield a better timing.
Related violations: <none>

SYNTH-5#57 Warning
Mapped onto distributed RAM because of timing constraints  
The instance mem_read_write/cache_val_addr_reg_1792_2047_6_6 is implemented as distributed LUT RAM for the following reason: The timing constraints suggest that the chosen mapping will yield a better timing.
Related violations: <none>

SYNTH-5#58 Warning
Mapped onto distributed RAM because of timing constraints  
The instance mem_read_write/cache_val_addr_reg_1792_2047_7_7 is implemented as distributed LUT RAM for the following reason: The timing constraints suggest that the chosen mapping will yield a better timing.
Related violations: <none>

SYNTH-5#59 Warning
Mapped onto distributed RAM because of timing constraints  
The instance mem_read_write/cache_val_addr_reg_1792_2047_8_8 is implemented as distributed LUT RAM for the following reason: The timing constraints suggest that the chosen mapping will yield a better timing.
Related violations: <none>

SYNTH-5#60 Warning
Mapped onto distributed RAM because of timing constraints  
The instance mem_read_write/cache_val_addr_reg_1792_2047_9_9 is implemented as distributed LUT RAM for the following reason: The timing constraints suggest that the chosen mapping will yield a better timing.
Related violations: <none>

SYNTH-5#61 Warning
Mapped onto distributed RAM because of timing constraints  
The instance mem_read_write/cache_val_addr_reg_2048_2303_0_0 is implemented as distributed LUT RAM for the following reason: The timing constraints suggest that the chosen mapping will yield a better timing.
Related violations: <none>

SYNTH-5#62 Warning
Mapped onto distributed RAM because of timing constraints  
The instance mem_read_write/cache_val_addr_reg_2048_2303_10_10 is implemented as distributed LUT RAM for the following reason: The timing constraints suggest that the chosen mapping will yield a better timing.
Related violations: <none>

SYNTH-5#63 Warning
Mapped onto distributed RAM because of timing constraints  
The instance mem_read_write/cache_val_addr_reg_2048_2303_12_12 is implemented as distributed LUT RAM for the following reason: The timing constraints suggest that the chosen mapping will yield a better timing.
Related violations: <none>

SYNTH-5#64 Warning
Mapped onto distributed RAM because of timing constraints  
The instance mem_read_write/cache_val_addr_reg_2048_2303_1_1 is implemented as distributed LUT RAM for the following reason: The timing constraints suggest that the chosen mapping will yield a better timing.
Related violations: <none>

SYNTH-5#65 Warning
Mapped onto distributed RAM because of timing constraints  
The instance mem_read_write/cache_val_addr_reg_2048_2303_2_2 is implemented as distributed LUT RAM for the following reason: The timing constraints suggest that the chosen mapping will yield a better timing.
Related violations: <none>

SYNTH-5#66 Warning
Mapped onto distributed RAM because of timing constraints  
The instance mem_read_write/cache_val_addr_reg_2048_2303_3_3 is implemented as distributed LUT RAM for the following reason: The timing constraints suggest that the chosen mapping will yield a better timing.
Related violations: <none>

SYNTH-5#67 Warning
Mapped onto distributed RAM because of timing constraints  
The instance mem_read_write/cache_val_addr_reg_2048_2303_4_4 is implemented as distributed LUT RAM for the following reason: The timing constraints suggest that the chosen mapping will yield a better timing.
Related violations: <none>

SYNTH-5#68 Warning
Mapped onto distributed RAM because of timing constraints  
The instance mem_read_write/cache_val_addr_reg_2048_2303_5_5 is implemented as distributed LUT RAM for the following reason: The timing constraints suggest that the chosen mapping will yield a better timing.
Related violations: <none>

SYNTH-5#69 Warning
Mapped onto distributed RAM because of timing constraints  
The instance mem_read_write/cache_val_addr_reg_2048_2303_6_6 is implemented as distributed LUT RAM for the following reason: The timing constraints suggest that the chosen mapping will yield a better timing.
Related violations: <none>

SYNTH-5#70 Warning
Mapped onto distributed RAM because of timing constraints  
The instance mem_read_write/cache_val_addr_reg_2048_2303_7_7 is implemented as distributed LUT RAM for the following reason: The timing constraints suggest that the chosen mapping will yield a better timing.
Related violations: <none>

SYNTH-5#71 Warning
Mapped onto distributed RAM because of timing constraints  
The instance mem_read_write/cache_val_addr_reg_2048_2303_8_8 is implemented as distributed LUT RAM for the following reason: The timing constraints suggest that the chosen mapping will yield a better timing.
Related violations: <none>

SYNTH-5#72 Warning
Mapped onto distributed RAM because of timing constraints  
The instance mem_read_write/cache_val_addr_reg_2048_2303_9_9 is implemented as distributed LUT RAM for the following reason: The timing constraints suggest that the chosen mapping will yield a better timing.
Related violations: <none>

SYNTH-5#73 Warning
Mapped onto distributed RAM because of timing constraints  
The instance mem_read_write/cache_val_addr_reg_2304_2559_0_0 is implemented as distributed LUT RAM for the following reason: The timing constraints suggest that the chosen mapping will yield a better timing.
Related violations: <none>

SYNTH-5#74 Warning
Mapped onto distributed RAM because of timing constraints  
The instance mem_read_write/cache_val_addr_reg_2304_2559_10_10 is implemented as distributed LUT RAM for the following reason: The timing constraints suggest that the chosen mapping will yield a better timing.
Related violations: <none>

SYNTH-5#75 Warning
Mapped onto distributed RAM because of timing constraints  
The instance mem_read_write/cache_val_addr_reg_2304_2559_12_12 is implemented as distributed LUT RAM for the following reason: The timing constraints suggest that the chosen mapping will yield a better timing.
Related violations: <none>

SYNTH-5#76 Warning
Mapped onto distributed RAM because of timing constraints  
The instance mem_read_write/cache_val_addr_reg_2304_2559_1_1 is implemented as distributed LUT RAM for the following reason: The timing constraints suggest that the chosen mapping will yield a better timing.
Related violations: <none>

SYNTH-5#77 Warning
Mapped onto distributed RAM because of timing constraints  
The instance mem_read_write/cache_val_addr_reg_2304_2559_2_2 is implemented as distributed LUT RAM for the following reason: The timing constraints suggest that the chosen mapping will yield a better timing.
Related violations: <none>

SYNTH-5#78 Warning
Mapped onto distributed RAM because of timing constraints  
The instance mem_read_write/cache_val_addr_reg_2304_2559_3_3 is implemented as distributed LUT RAM for the following reason: The timing constraints suggest that the chosen mapping will yield a better timing.
Related violations: <none>

SYNTH-5#79 Warning
Mapped onto distributed RAM because of timing constraints  
The instance mem_read_write/cache_val_addr_reg_2304_2559_4_4 is implemented as distributed LUT RAM for the following reason: The timing constraints suggest that the chosen mapping will yield a better timing.
Related violations: <none>

SYNTH-5#80 Warning
Mapped onto distributed RAM because of timing constraints  
The instance mem_read_write/cache_val_addr_reg_2304_2559_5_5 is implemented as distributed LUT RAM for the following reason: The timing constraints suggest that the chosen mapping will yield a better timing.
Related violations: <none>

SYNTH-5#81 Warning
Mapped onto distributed RAM because of timing constraints  
The instance mem_read_write/cache_val_addr_reg_2304_2559_6_6 is implemented as distributed LUT RAM for the following reason: The timing constraints suggest that the chosen mapping will yield a better timing.
Related violations: <none>

SYNTH-5#82 Warning
Mapped onto distributed RAM because of timing constraints  
The instance mem_read_write/cache_val_addr_reg_2304_2559_7_7 is implemented as distributed LUT RAM for the following reason: The timing constraints suggest that the chosen mapping will yield a better timing.
Related violations: <none>

SYNTH-5#83 Warning
Mapped onto distributed RAM because of timing constraints  
The instance mem_read_write/cache_val_addr_reg_2304_2559_8_8 is implemented as distributed LUT RAM for the following reason: The timing constraints suggest that the chosen mapping will yield a better timing.
Related violations: <none>

SYNTH-5#84 Warning
Mapped onto distributed RAM because of timing constraints  
The instance mem_read_write/cache_val_addr_reg_2304_2559_9_9 is implemented as distributed LUT RAM for the following reason: The timing constraints suggest that the chosen mapping will yield a better timing.
Related violations: <none>

SYNTH-5#85 Warning
Mapped onto distributed RAM because of timing constraints  
The instance mem_read_write/cache_val_addr_reg_2560_2815_0_0 is implemented as distributed LUT RAM for the following reason: The timing constraints suggest that the chosen mapping will yield a better timing.
Related violations: <none>

SYNTH-5#86 Warning
Mapped onto distributed RAM because of timing constraints  
The instance mem_read_write/cache_val_addr_reg_2560_2815_10_10 is implemented as distributed LUT RAM for the following reason: The timing constraints suggest that the chosen mapping will yield a better timing.
Related violations: <none>

SYNTH-5#87 Warning
Mapped onto distributed RAM because of timing constraints  
The instance mem_read_write/cache_val_addr_reg_2560_2815_12_12 is implemented as distributed LUT RAM for the following reason: The timing constraints suggest that the chosen mapping will yield a better timing.
Related violations: <none>

SYNTH-5#88 Warning
Mapped onto distributed RAM because of timing constraints  
The instance mem_read_write/cache_val_addr_reg_2560_2815_1_1 is implemented as distributed LUT RAM for the following reason: The timing constraints suggest that the chosen mapping will yield a better timing.
Related violations: <none>

SYNTH-5#89 Warning
Mapped onto distributed RAM because of timing constraints  
The instance mem_read_write/cache_val_addr_reg_2560_2815_2_2 is implemented as distributed LUT RAM for the following reason: The timing constraints suggest that the chosen mapping will yield a better timing.
Related violations: <none>

SYNTH-5#90 Warning
Mapped onto distributed RAM because of timing constraints  
The instance mem_read_write/cache_val_addr_reg_2560_2815_3_3 is implemented as distributed LUT RAM for the following reason: The timing constraints suggest that the chosen mapping will yield a better timing.
Related violations: <none>

SYNTH-5#91 Warning
Mapped onto distributed RAM because of timing constraints  
The instance mem_read_write/cache_val_addr_reg_2560_2815_4_4 is implemented as distributed LUT RAM for the following reason: The timing constraints suggest that the chosen mapping will yield a better timing.
Related violations: <none>

SYNTH-5#92 Warning
Mapped onto distributed RAM because of timing constraints  
The instance mem_read_write/cache_val_addr_reg_2560_2815_5_5 is implemented as distributed LUT RAM for the following reason: The timing constraints suggest that the chosen mapping will yield a better timing.
Related violations: <none>

SYNTH-5#93 Warning
Mapped onto distributed RAM because of timing constraints  
The instance mem_read_write/cache_val_addr_reg_2560_2815_6_6 is implemented as distributed LUT RAM for the following reason: The timing constraints suggest that the chosen mapping will yield a better timing.
Related violations: <none>

SYNTH-5#94 Warning
Mapped onto distributed RAM because of timing constraints  
The instance mem_read_write/cache_val_addr_reg_2560_2815_7_7 is implemented as distributed LUT RAM for the following reason: The timing constraints suggest that the chosen mapping will yield a better timing.
Related violations: <none>

SYNTH-5#95 Warning
Mapped onto distributed RAM because of timing constraints  
The instance mem_read_write/cache_val_addr_reg_2560_2815_8_8 is implemented as distributed LUT RAM for the following reason: The timing constraints suggest that the chosen mapping will yield a better timing.
Related violations: <none>

SYNTH-5#96 Warning
Mapped onto distributed RAM because of timing constraints  
The instance mem_read_write/cache_val_addr_reg_2560_2815_9_9 is implemented as distributed LUT RAM for the following reason: The timing constraints suggest that the chosen mapping will yield a better timing.
Related violations: <none>

SYNTH-5#97 Warning
Mapped onto distributed RAM because of timing constraints  
The instance mem_read_write/cache_val_addr_reg_256_511_0_0 is implemented as distributed LUT RAM for the following reason: The timing constraints suggest that the chosen mapping will yield a better timing.
Related violations: <none>

SYNTH-5#98 Warning
Mapped onto distributed RAM because of timing constraints  
The instance mem_read_write/cache_val_addr_reg_256_511_10_10 is implemented as distributed LUT RAM for the following reason: The timing constraints suggest that the chosen mapping will yield a better timing.
Related violations: <none>

SYNTH-5#99 Warning
Mapped onto distributed RAM because of timing constraints  
The instance mem_read_write/cache_val_addr_reg_256_511_12_12 is implemented as distributed LUT RAM for the following reason: The timing constraints suggest that the chosen mapping will yield a better timing.
Related violations: <none>

SYNTH-5#100 Warning
Mapped onto distributed RAM because of timing constraints  
The instance mem_read_write/cache_val_addr_reg_256_511_1_1 is implemented as distributed LUT RAM for the following reason: The timing constraints suggest that the chosen mapping will yield a better timing.
Related violations: <none>

SYNTH-5#101 Warning
Mapped onto distributed RAM because of timing constraints  
The instance mem_read_write/cache_val_addr_reg_256_511_2_2 is implemented as distributed LUT RAM for the following reason: The timing constraints suggest that the chosen mapping will yield a better timing.
Related violations: <none>

SYNTH-5#102 Warning
Mapped onto distributed RAM because of timing constraints  
The instance mem_read_write/cache_val_addr_reg_256_511_3_3 is implemented as distributed LUT RAM for the following reason: The timing constraints suggest that the chosen mapping will yield a better timing.
Related violations: <none>

SYNTH-5#103 Warning
Mapped onto distributed RAM because of timing constraints  
The instance mem_read_write/cache_val_addr_reg_256_511_4_4 is implemented as distributed LUT RAM for the following reason: The timing constraints suggest that the chosen mapping will yield a better timing.
Related violations: <none>

SYNTH-5#104 Warning
Mapped onto distributed RAM because of timing constraints  
The instance mem_read_write/cache_val_addr_reg_256_511_5_5 is implemented as distributed LUT RAM for the following reason: The timing constraints suggest that the chosen mapping will yield a better timing.
Related violations: <none>

SYNTH-5#105 Warning
Mapped onto distributed RAM because of timing constraints  
The instance mem_read_write/cache_val_addr_reg_256_511_6_6 is implemented as distributed LUT RAM for the following reason: The timing constraints suggest that the chosen mapping will yield a better timing.
Related violations: <none>

SYNTH-5#106 Warning
Mapped onto distributed RAM because of timing constraints  
The instance mem_read_write/cache_val_addr_reg_256_511_7_7 is implemented as distributed LUT RAM for the following reason: The timing constraints suggest that the chosen mapping will yield a better timing.
Related violations: <none>

SYNTH-5#107 Warning
Mapped onto distributed RAM because of timing constraints  
The instance mem_read_write/cache_val_addr_reg_256_511_8_8 is implemented as distributed LUT RAM for the following reason: The timing constraints suggest that the chosen mapping will yield a better timing.
Related violations: <none>

SYNTH-5#108 Warning
Mapped onto distributed RAM because of timing constraints  
The instance mem_read_write/cache_val_addr_reg_256_511_9_9 is implemented as distributed LUT RAM for the following reason: The timing constraints suggest that the chosen mapping will yield a better timing.
Related violations: <none>

SYNTH-5#109 Warning
Mapped onto distributed RAM because of timing constraints  
The instance mem_read_write/cache_val_addr_reg_2816_3071_0_0 is implemented as distributed LUT RAM for the following reason: The timing constraints suggest that the chosen mapping will yield a better timing.
Related violations: <none>

SYNTH-5#110 Warning
Mapped onto distributed RAM because of timing constraints  
The instance mem_read_write/cache_val_addr_reg_2816_3071_10_10 is implemented as distributed LUT RAM for the following reason: The timing constraints suggest that the chosen mapping will yield a better timing.
Related violations: <none>

SYNTH-5#111 Warning
Mapped onto distributed RAM because of timing constraints  
The instance mem_read_write/cache_val_addr_reg_2816_3071_12_12 is implemented as distributed LUT RAM for the following reason: The timing constraints suggest that the chosen mapping will yield a better timing.
Related violations: <none>

SYNTH-5#112 Warning
Mapped onto distributed RAM because of timing constraints  
The instance mem_read_write/cache_val_addr_reg_2816_3071_1_1 is implemented as distributed LUT RAM for the following reason: The timing constraints suggest that the chosen mapping will yield a better timing.
Related violations: <none>

SYNTH-5#113 Warning
Mapped onto distributed RAM because of timing constraints  
The instance mem_read_write/cache_val_addr_reg_2816_3071_2_2 is implemented as distributed LUT RAM for the following reason: The timing constraints suggest that the chosen mapping will yield a better timing.
Related violations: <none>

SYNTH-5#114 Warning
Mapped onto distributed RAM because of timing constraints  
The instance mem_read_write/cache_val_addr_reg_2816_3071_3_3 is implemented as distributed LUT RAM for the following reason: The timing constraints suggest that the chosen mapping will yield a better timing.
Related violations: <none>

SYNTH-5#115 Warning
Mapped onto distributed RAM because of timing constraints  
The instance mem_read_write/cache_val_addr_reg_2816_3071_4_4 is implemented as distributed LUT RAM for the following reason: The timing constraints suggest that the chosen mapping will yield a better timing.
Related violations: <none>

SYNTH-5#116 Warning
Mapped onto distributed RAM because of timing constraints  
The instance mem_read_write/cache_val_addr_reg_2816_3071_5_5 is implemented as distributed LUT RAM for the following reason: The timing constraints suggest that the chosen mapping will yield a better timing.
Related violations: <none>

SYNTH-5#117 Warning
Mapped onto distributed RAM because of timing constraints  
The instance mem_read_write/cache_val_addr_reg_2816_3071_6_6 is implemented as distributed LUT RAM for the following reason: The timing constraints suggest that the chosen mapping will yield a better timing.
Related violations: <none>

SYNTH-5#118 Warning
Mapped onto distributed RAM because of timing constraints  
The instance mem_read_write/cache_val_addr_reg_2816_3071_7_7 is implemented as distributed LUT RAM for the following reason: The timing constraints suggest that the chosen mapping will yield a better timing.
Related violations: <none>

SYNTH-5#119 Warning
Mapped onto distributed RAM because of timing constraints  
The instance mem_read_write/cache_val_addr_reg_2816_3071_8_8 is implemented as distributed LUT RAM for the following reason: The timing constraints suggest that the chosen mapping will yield a better timing.
Related violations: <none>

SYNTH-5#120 Warning
Mapped onto distributed RAM because of timing constraints  
The instance mem_read_write/cache_val_addr_reg_2816_3071_9_9 is implemented as distributed LUT RAM for the following reason: The timing constraints suggest that the chosen mapping will yield a better timing.
Related violations: <none>

SYNTH-5#121 Warning
Mapped onto distributed RAM because of timing constraints  
The instance mem_read_write/cache_val_addr_reg_3072_3327_0_0 is implemented as distributed LUT RAM for the following reason: The timing constraints suggest that the chosen mapping will yield a better timing.
Related violations: <none>

SYNTH-5#122 Warning
Mapped onto distributed RAM because of timing constraints  
The instance mem_read_write/cache_val_addr_reg_3072_3327_10_10 is implemented as distributed LUT RAM for the following reason: The timing constraints suggest that the chosen mapping will yield a better timing.
Related violations: <none>

SYNTH-5#123 Warning
Mapped onto distributed RAM because of timing constraints  
The instance mem_read_write/cache_val_addr_reg_3072_3327_12_12 is implemented as distributed LUT RAM for the following reason: The timing constraints suggest that the chosen mapping will yield a better timing.
Related violations: <none>

SYNTH-5#124 Warning
Mapped onto distributed RAM because of timing constraints  
The instance mem_read_write/cache_val_addr_reg_3072_3327_1_1 is implemented as distributed LUT RAM for the following reason: The timing constraints suggest that the chosen mapping will yield a better timing.
Related violations: <none>

SYNTH-5#125 Warning
Mapped onto distributed RAM because of timing constraints  
The instance mem_read_write/cache_val_addr_reg_3072_3327_2_2 is implemented as distributed LUT RAM for the following reason: The timing constraints suggest that the chosen mapping will yield a better timing.
Related violations: <none>

SYNTH-5#126 Warning
Mapped onto distributed RAM because of timing constraints  
The instance mem_read_write/cache_val_addr_reg_3072_3327_3_3 is implemented as distributed LUT RAM for the following reason: The timing constraints suggest that the chosen mapping will yield a better timing.
Related violations: <none>

SYNTH-5#127 Warning
Mapped onto distributed RAM because of timing constraints  
The instance mem_read_write/cache_val_addr_reg_3072_3327_4_4 is implemented as distributed LUT RAM for the following reason: The timing constraints suggest that the chosen mapping will yield a better timing.
Related violations: <none>

SYNTH-5#128 Warning
Mapped onto distributed RAM because of timing constraints  
The instance mem_read_write/cache_val_addr_reg_3072_3327_5_5 is implemented as distributed LUT RAM for the following reason: The timing constraints suggest that the chosen mapping will yield a better timing.
Related violations: <none>

SYNTH-5#129 Warning
Mapped onto distributed RAM because of timing constraints  
The instance mem_read_write/cache_val_addr_reg_3072_3327_6_6 is implemented as distributed LUT RAM for the following reason: The timing constraints suggest that the chosen mapping will yield a better timing.
Related violations: <none>

SYNTH-5#130 Warning
Mapped onto distributed RAM because of timing constraints  
The instance mem_read_write/cache_val_addr_reg_3072_3327_7_7 is implemented as distributed LUT RAM for the following reason: The timing constraints suggest that the chosen mapping will yield a better timing.
Related violations: <none>

SYNTH-5#131 Warning
Mapped onto distributed RAM because of timing constraints  
The instance mem_read_write/cache_val_addr_reg_3072_3327_8_8 is implemented as distributed LUT RAM for the following reason: The timing constraints suggest that the chosen mapping will yield a better timing.
Related violations: <none>

SYNTH-5#132 Warning
Mapped onto distributed RAM because of timing constraints  
The instance mem_read_write/cache_val_addr_reg_3072_3327_9_9 is implemented as distributed LUT RAM for the following reason: The timing constraints suggest that the chosen mapping will yield a better timing.
Related violations: <none>

SYNTH-5#133 Warning
Mapped onto distributed RAM because of timing constraints  
The instance mem_read_write/cache_val_addr_reg_3328_3583_0_0 is implemented as distributed LUT RAM for the following reason: The timing constraints suggest that the chosen mapping will yield a better timing.
Related violations: <none>

SYNTH-5#134 Warning
Mapped onto distributed RAM because of timing constraints  
The instance mem_read_write/cache_val_addr_reg_3328_3583_10_10 is implemented as distributed LUT RAM for the following reason: The timing constraints suggest that the chosen mapping will yield a better timing.
Related violations: <none>

SYNTH-5#135 Warning
Mapped onto distributed RAM because of timing constraints  
The instance mem_read_write/cache_val_addr_reg_3328_3583_12_12 is implemented as distributed LUT RAM for the following reason: The timing constraints suggest that the chosen mapping will yield a better timing.
Related violations: <none>

SYNTH-5#136 Warning
Mapped onto distributed RAM because of timing constraints  
The instance mem_read_write/cache_val_addr_reg_3328_3583_1_1 is implemented as distributed LUT RAM for the following reason: The timing constraints suggest that the chosen mapping will yield a better timing.
Related violations: <none>

SYNTH-5#137 Warning
Mapped onto distributed RAM because of timing constraints  
The instance mem_read_write/cache_val_addr_reg_3328_3583_2_2 is implemented as distributed LUT RAM for the following reason: The timing constraints suggest that the chosen mapping will yield a better timing.
Related violations: <none>

SYNTH-5#138 Warning
Mapped onto distributed RAM because of timing constraints  
The instance mem_read_write/cache_val_addr_reg_3328_3583_3_3 is implemented as distributed LUT RAM for the following reason: The timing constraints suggest that the chosen mapping will yield a better timing.
Related violations: <none>

SYNTH-5#139 Warning
Mapped onto distributed RAM because of timing constraints  
The instance mem_read_write/cache_val_addr_reg_3328_3583_4_4 is implemented as distributed LUT RAM for the following reason: The timing constraints suggest that the chosen mapping will yield a better timing.
Related violations: <none>

SYNTH-5#140 Warning
Mapped onto distributed RAM because of timing constraints  
The instance mem_read_write/cache_val_addr_reg_3328_3583_5_5 is implemented as distributed LUT RAM for the following reason: The timing constraints suggest that the chosen mapping will yield a better timing.
Related violations: <none>

SYNTH-5#141 Warning
Mapped onto distributed RAM because of timing constraints  
The instance mem_read_write/cache_val_addr_reg_3328_3583_6_6 is implemented as distributed LUT RAM for the following reason: The timing constraints suggest that the chosen mapping will yield a better timing.
Related violations: <none>

SYNTH-5#142 Warning
Mapped onto distributed RAM because of timing constraints  
The instance mem_read_write/cache_val_addr_reg_3328_3583_7_7 is implemented as distributed LUT RAM for the following reason: The timing constraints suggest that the chosen mapping will yield a better timing.
Related violations: <none>

SYNTH-5#143 Warning
Mapped onto distributed RAM because of timing constraints  
The instance mem_read_write/cache_val_addr_reg_3328_3583_8_8 is implemented as distributed LUT RAM for the following reason: The timing constraints suggest that the chosen mapping will yield a better timing.
Related violations: <none>

SYNTH-5#144 Warning
Mapped onto distributed RAM because of timing constraints  
The instance mem_read_write/cache_val_addr_reg_3328_3583_9_9 is implemented as distributed LUT RAM for the following reason: The timing constraints suggest that the chosen mapping will yield a better timing.
Related violations: <none>

SYNTH-5#145 Warning
Mapped onto distributed RAM because of timing constraints  
The instance mem_read_write/cache_val_addr_reg_3584_3839_0_0 is implemented as distributed LUT RAM for the following reason: The timing constraints suggest that the chosen mapping will yield a better timing.
Related violations: <none>

SYNTH-5#146 Warning
Mapped onto distributed RAM because of timing constraints  
The instance mem_read_write/cache_val_addr_reg_3584_3839_10_10 is implemented as distributed LUT RAM for the following reason: The timing constraints suggest that the chosen mapping will yield a better timing.
Related violations: <none>

SYNTH-5#147 Warning
Mapped onto distributed RAM because of timing constraints  
The instance mem_read_write/cache_val_addr_reg_3584_3839_12_12 is implemented as distributed LUT RAM for the following reason: The timing constraints suggest that the chosen mapping will yield a better timing.
Related violations: <none>

SYNTH-5#148 Warning
Mapped onto distributed RAM because of timing constraints  
The instance mem_read_write/cache_val_addr_reg_3584_3839_1_1 is implemented as distributed LUT RAM for the following reason: The timing constraints suggest that the chosen mapping will yield a better timing.
Related violations: <none>

SYNTH-5#149 Warning
Mapped onto distributed RAM because of timing constraints  
The instance mem_read_write/cache_val_addr_reg_3584_3839_2_2 is implemented as distributed LUT RAM for the following reason: The timing constraints suggest that the chosen mapping will yield a better timing.
Related violations: <none>

SYNTH-5#150 Warning
Mapped onto distributed RAM because of timing constraints  
The instance mem_read_write/cache_val_addr_reg_3584_3839_3_3 is implemented as distributed LUT RAM for the following reason: The timing constraints suggest that the chosen mapping will yield a better timing.
Related violations: <none>

SYNTH-5#151 Warning
Mapped onto distributed RAM because of timing constraints  
The instance mem_read_write/cache_val_addr_reg_3584_3839_4_4 is implemented as distributed LUT RAM for the following reason: The timing constraints suggest that the chosen mapping will yield a better timing.
Related violations: <none>

SYNTH-5#152 Warning
Mapped onto distributed RAM because of timing constraints  
The instance mem_read_write/cache_val_addr_reg_3584_3839_5_5 is implemented as distributed LUT RAM for the following reason: The timing constraints suggest that the chosen mapping will yield a better timing.
Related violations: <none>

SYNTH-5#153 Warning
Mapped onto distributed RAM because of timing constraints  
The instance mem_read_write/cache_val_addr_reg_3584_3839_6_6 is implemented as distributed LUT RAM for the following reason: The timing constraints suggest that the chosen mapping will yield a better timing.
Related violations: <none>

SYNTH-5#154 Warning
Mapped onto distributed RAM because of timing constraints  
The instance mem_read_write/cache_val_addr_reg_3584_3839_7_7 is implemented as distributed LUT RAM for the following reason: The timing constraints suggest that the chosen mapping will yield a better timing.
Related violations: <none>

SYNTH-5#155 Warning
Mapped onto distributed RAM because of timing constraints  
The instance mem_read_write/cache_val_addr_reg_3584_3839_8_8 is implemented as distributed LUT RAM for the following reason: The timing constraints suggest that the chosen mapping will yield a better timing.
Related violations: <none>

SYNTH-5#156 Warning
Mapped onto distributed RAM because of timing constraints  
The instance mem_read_write/cache_val_addr_reg_3584_3839_9_9 is implemented as distributed LUT RAM for the following reason: The timing constraints suggest that the chosen mapping will yield a better timing.
Related violations: <none>

SYNTH-5#157 Warning
Mapped onto distributed RAM because of timing constraints  
The instance mem_read_write/cache_val_addr_reg_3840_4095_0_0 is implemented as distributed LUT RAM for the following reason: The timing constraints suggest that the chosen mapping will yield a better timing.
Related violations: <none>

SYNTH-5#158 Warning
Mapped onto distributed RAM because of timing constraints  
The instance mem_read_write/cache_val_addr_reg_3840_4095_10_10 is implemented as distributed LUT RAM for the following reason: The timing constraints suggest that the chosen mapping will yield a better timing.
Related violations: <none>

SYNTH-5#159 Warning
Mapped onto distributed RAM because of timing constraints  
The instance mem_read_write/cache_val_addr_reg_3840_4095_12_12 is implemented as distributed LUT RAM for the following reason: The timing constraints suggest that the chosen mapping will yield a better timing.
Related violations: <none>

SYNTH-5#160 Warning
Mapped onto distributed RAM because of timing constraints  
The instance mem_read_write/cache_val_addr_reg_3840_4095_1_1 is implemented as distributed LUT RAM for the following reason: The timing constraints suggest that the chosen mapping will yield a better timing.
Related violations: <none>

SYNTH-5#161 Warning
Mapped onto distributed RAM because of timing constraints  
The instance mem_read_write/cache_val_addr_reg_3840_4095_2_2 is implemented as distributed LUT RAM for the following reason: The timing constraints suggest that the chosen mapping will yield a better timing.
Related violations: <none>

SYNTH-5#162 Warning
Mapped onto distributed RAM because of timing constraints  
The instance mem_read_write/cache_val_addr_reg_3840_4095_3_3 is implemented as distributed LUT RAM for the following reason: The timing constraints suggest that the chosen mapping will yield a better timing.
Related violations: <none>

SYNTH-5#163 Warning
Mapped onto distributed RAM because of timing constraints  
The instance mem_read_write/cache_val_addr_reg_3840_4095_4_4 is implemented as distributed LUT RAM for the following reason: The timing constraints suggest that the chosen mapping will yield a better timing.
Related violations: <none>

SYNTH-5#164 Warning
Mapped onto distributed RAM because of timing constraints  
The instance mem_read_write/cache_val_addr_reg_3840_4095_5_5 is implemented as distributed LUT RAM for the following reason: The timing constraints suggest that the chosen mapping will yield a better timing.
Related violations: <none>

SYNTH-5#165 Warning
Mapped onto distributed RAM because of timing constraints  
The instance mem_read_write/cache_val_addr_reg_3840_4095_6_6 is implemented as distributed LUT RAM for the following reason: The timing constraints suggest that the chosen mapping will yield a better timing.
Related violations: <none>

SYNTH-5#166 Warning
Mapped onto distributed RAM because of timing constraints  
The instance mem_read_write/cache_val_addr_reg_3840_4095_7_7 is implemented as distributed LUT RAM for the following reason: The timing constraints suggest that the chosen mapping will yield a better timing.
Related violations: <none>

SYNTH-5#167 Warning
Mapped onto distributed RAM because of timing constraints  
The instance mem_read_write/cache_val_addr_reg_3840_4095_8_8 is implemented as distributed LUT RAM for the following reason: The timing constraints suggest that the chosen mapping will yield a better timing.
Related violations: <none>

SYNTH-5#168 Warning
Mapped onto distributed RAM because of timing constraints  
The instance mem_read_write/cache_val_addr_reg_3840_4095_9_9 is implemented as distributed LUT RAM for the following reason: The timing constraints suggest that the chosen mapping will yield a better timing.
Related violations: <none>

SYNTH-5#169 Warning
Mapped onto distributed RAM because of timing constraints  
The instance mem_read_write/cache_val_addr_reg_512_767_0_0 is implemented as distributed LUT RAM for the following reason: The timing constraints suggest that the chosen mapping will yield a better timing.
Related violations: <none>

SYNTH-5#170 Warning
Mapped onto distributed RAM because of timing constraints  
The instance mem_read_write/cache_val_addr_reg_512_767_10_10 is implemented as distributed LUT RAM for the following reason: The timing constraints suggest that the chosen mapping will yield a better timing.
Related violations: <none>

SYNTH-5#171 Warning
Mapped onto distributed RAM because of timing constraints  
The instance mem_read_write/cache_val_addr_reg_512_767_12_12 is implemented as distributed LUT RAM for the following reason: The timing constraints suggest that the chosen mapping will yield a better timing.
Related violations: <none>

SYNTH-5#172 Warning
Mapped onto distributed RAM because of timing constraints  
The instance mem_read_write/cache_val_addr_reg_512_767_1_1 is implemented as distributed LUT RAM for the following reason: The timing constraints suggest that the chosen mapping will yield a better timing.
Related violations: <none>

SYNTH-5#173 Warning
Mapped onto distributed RAM because of timing constraints  
The instance mem_read_write/cache_val_addr_reg_512_767_2_2 is implemented as distributed LUT RAM for the following reason: The timing constraints suggest that the chosen mapping will yield a better timing.
Related violations: <none>

SYNTH-5#174 Warning
Mapped onto distributed RAM because of timing constraints  
The instance mem_read_write/cache_val_addr_reg_512_767_3_3 is implemented as distributed LUT RAM for the following reason: The timing constraints suggest that the chosen mapping will yield a better timing.
Related violations: <none>

SYNTH-5#175 Warning
Mapped onto distributed RAM because of timing constraints  
The instance mem_read_write/cache_val_addr_reg_512_767_4_4 is implemented as distributed LUT RAM for the following reason: The timing constraints suggest that the chosen mapping will yield a better timing.
Related violations: <none>

SYNTH-5#176 Warning
Mapped onto distributed RAM because of timing constraints  
The instance mem_read_write/cache_val_addr_reg_512_767_5_5 is implemented as distributed LUT RAM for the following reason: The timing constraints suggest that the chosen mapping will yield a better timing.
Related violations: <none>

SYNTH-5#177 Warning
Mapped onto distributed RAM because of timing constraints  
The instance mem_read_write/cache_val_addr_reg_512_767_6_6 is implemented as distributed LUT RAM for the following reason: The timing constraints suggest that the chosen mapping will yield a better timing.
Related violations: <none>

SYNTH-5#178 Warning
Mapped onto distributed RAM because of timing constraints  
The instance mem_read_write/cache_val_addr_reg_512_767_7_7 is implemented as distributed LUT RAM for the following reason: The timing constraints suggest that the chosen mapping will yield a better timing.
Related violations: <none>

SYNTH-5#179 Warning
Mapped onto distributed RAM because of timing constraints  
The instance mem_read_write/cache_val_addr_reg_512_767_8_8 is implemented as distributed LUT RAM for the following reason: The timing constraints suggest that the chosen mapping will yield a better timing.
Related violations: <none>

SYNTH-5#180 Warning
Mapped onto distributed RAM because of timing constraints  
The instance mem_read_write/cache_val_addr_reg_512_767_9_9 is implemented as distributed LUT RAM for the following reason: The timing constraints suggest that the chosen mapping will yield a better timing.
Related violations: <none>

SYNTH-5#181 Warning
Mapped onto distributed RAM because of timing constraints  
The instance mem_read_write/cache_val_addr_reg_768_1023_0_0 is implemented as distributed LUT RAM for the following reason: The timing constraints suggest that the chosen mapping will yield a better timing.
Related violations: <none>

SYNTH-5#182 Warning
Mapped onto distributed RAM because of timing constraints  
The instance mem_read_write/cache_val_addr_reg_768_1023_10_10 is implemented as distributed LUT RAM for the following reason: The timing constraints suggest that the chosen mapping will yield a better timing.
Related violations: <none>

SYNTH-5#183 Warning
Mapped onto distributed RAM because of timing constraints  
The instance mem_read_write/cache_val_addr_reg_768_1023_12_12 is implemented as distributed LUT RAM for the following reason: The timing constraints suggest that the chosen mapping will yield a better timing.
Related violations: <none>

SYNTH-5#184 Warning
Mapped onto distributed RAM because of timing constraints  
The instance mem_read_write/cache_val_addr_reg_768_1023_1_1 is implemented as distributed LUT RAM for the following reason: The timing constraints suggest that the chosen mapping will yield a better timing.
Related violations: <none>

SYNTH-5#185 Warning
Mapped onto distributed RAM because of timing constraints  
The instance mem_read_write/cache_val_addr_reg_768_1023_2_2 is implemented as distributed LUT RAM for the following reason: The timing constraints suggest that the chosen mapping will yield a better timing.
Related violations: <none>

SYNTH-5#186 Warning
Mapped onto distributed RAM because of timing constraints  
The instance mem_read_write/cache_val_addr_reg_768_1023_3_3 is implemented as distributed LUT RAM for the following reason: The timing constraints suggest that the chosen mapping will yield a better timing.
Related violations: <none>

SYNTH-5#187 Warning
Mapped onto distributed RAM because of timing constraints  
The instance mem_read_write/cache_val_addr_reg_768_1023_4_4 is implemented as distributed LUT RAM for the following reason: The timing constraints suggest that the chosen mapping will yield a better timing.
Related violations: <none>

SYNTH-5#188 Warning
Mapped onto distributed RAM because of timing constraints  
The instance mem_read_write/cache_val_addr_reg_768_1023_5_5 is implemented as distributed LUT RAM for the following reason: The timing constraints suggest that the chosen mapping will yield a better timing.
Related violations: <none>

SYNTH-5#189 Warning
Mapped onto distributed RAM because of timing constraints  
The instance mem_read_write/cache_val_addr_reg_768_1023_6_6 is implemented as distributed LUT RAM for the following reason: The timing constraints suggest that the chosen mapping will yield a better timing.
Related violations: <none>

SYNTH-5#190 Warning
Mapped onto distributed RAM because of timing constraints  
The instance mem_read_write/cache_val_addr_reg_768_1023_7_7 is implemented as distributed LUT RAM for the following reason: The timing constraints suggest that the chosen mapping will yield a better timing.
Related violations: <none>

SYNTH-5#191 Warning
Mapped onto distributed RAM because of timing constraints  
The instance mem_read_write/cache_val_addr_reg_768_1023_8_8 is implemented as distributed LUT RAM for the following reason: The timing constraints suggest that the chosen mapping will yield a better timing.
Related violations: <none>

SYNTH-5#192 Warning
Mapped onto distributed RAM because of timing constraints  
The instance mem_read_write/cache_val_addr_reg_768_1023_9_9 is implemented as distributed LUT RAM for the following reason: The timing constraints suggest that the chosen mapping will yield a better timing.
Related violations: <none>

SYNTH-6#1 Warning
Timing of a RAM block might be sub-optimal  
The timing for the instance mem_read_write/cache_val_data_reg_0, implemented as a RAM block, might be sub-optimal as no output register was merged into the block.
Related violations: <none>

SYNTH-6#2 Warning
Timing of a RAM block might be sub-optimal  
The timing for the instance mem_read_write/cache_val_data_reg_1, implemented as a RAM block, might be sub-optimal as no output register was merged into the block.
Related violations: <none>

SYNTH-6#3 Warning
Timing of a RAM block might be sub-optimal  
The timing for the instance mem_read_write/cache_val_data_reg_10, implemented as a RAM block, might be sub-optimal as no output register was merged into the block.
Related violations: <none>

SYNTH-6#4 Warning
Timing of a RAM block might be sub-optimal  
The timing for the instance mem_read_write/cache_val_data_reg_11, implemented as a RAM block, might be sub-optimal as no output register was merged into the block.
Related violations: <none>

SYNTH-6#5 Warning
Timing of a RAM block might be sub-optimal  
The timing for the instance mem_read_write/cache_val_data_reg_12, implemented as a RAM block, might be sub-optimal as no output register was merged into the block.
Related violations: <none>

SYNTH-6#6 Warning
Timing of a RAM block might be sub-optimal  
The timing for the instance mem_read_write/cache_val_data_reg_13, implemented as a RAM block, might be sub-optimal as no output register was merged into the block.
Related violations: <none>

SYNTH-6#7 Warning
Timing of a RAM block might be sub-optimal  
The timing for the instance mem_read_write/cache_val_data_reg_14, implemented as a RAM block, might be sub-optimal as no output register was merged into the block.
Related violations: <none>

SYNTH-6#8 Warning
Timing of a RAM block might be sub-optimal  
The timing for the instance mem_read_write/cache_val_data_reg_2, implemented as a RAM block, might be sub-optimal as no output register was merged into the block.
Related violations: <none>

SYNTH-6#9 Warning
Timing of a RAM block might be sub-optimal  
The timing for the instance mem_read_write/cache_val_data_reg_3, implemented as a RAM block, might be sub-optimal as no output register was merged into the block.
Related violations: <none>

SYNTH-6#10 Warning
Timing of a RAM block might be sub-optimal  
The timing for the instance mem_read_write/cache_val_data_reg_4, implemented as a RAM block, might be sub-optimal as no output register was merged into the block.
Related violations: <none>

SYNTH-6#11 Warning
Timing of a RAM block might be sub-optimal  
The timing for the instance mem_read_write/cache_val_data_reg_5, implemented as a RAM block, might be sub-optimal as no output register was merged into the block.
Related violations: <none>

SYNTH-6#12 Warning
Timing of a RAM block might be sub-optimal  
The timing for the instance mem_read_write/cache_val_data_reg_6, implemented as a RAM block, might be sub-optimal as no output register was merged into the block.
Related violations: <none>

SYNTH-6#13 Warning
Timing of a RAM block might be sub-optimal  
The timing for the instance mem_read_write/cache_val_data_reg_7, implemented as a RAM block, might be sub-optimal as no output register was merged into the block.
Related violations: <none>

SYNTH-6#14 Warning
Timing of a RAM block might be sub-optimal  
The timing for the instance mem_read_write/cache_val_data_reg_8, implemented as a RAM block, might be sub-optimal as no output register was merged into the block.
Related violations: <none>

SYNTH-6#15 Warning
Timing of a RAM block might be sub-optimal  
The timing for the instance mem_read_write/cache_val_data_reg_9, implemented as a RAM block, might be sub-optimal as no output register was merged into the block.
Related violations: <none>

SYNTH-10#1 Warning
Wide multiplier  
Detected multiplier at r_mul_pipe10 of size 16x18, it is decomposed from a wide multipler into 4 DSP blocks.
Related violations: <none>

SYNTH-10#2 Warning
Wide multiplier  
Detected multiplier at r_mul_pipe10__0 of size 18x18, it is decomposed from a wide multipler into 4 DSP blocks.
Related violations: <none>

SYNTH-10#3 Warning
Wide multiplier  
Detected multiplier at r_mul_pipe1_reg of size 16x16, it is decomposed from a wide multipler into 4 DSP blocks.
Related violations: <none>

SYNTH-10#4 Warning
Wide multiplier  
Detected multiplier at r_mul_pipe1_reg__0 of size 18x16, it is decomposed from a wide multipler into 4 DSP blocks.
Related violations: <none>

TIMING-10#1 Warning
Missing property on synchronizer  
One or more logic synchronizer has been detected between 2 clock domains but the synchronizer does not have the property ASYNC_REG defined on one or both registers. It is recommended to run report_cdc for a complete and detailed CDC coverage
Related violations: <none>

TIMING-15#1 Warning
Large hold violation  
There is a large clock skew of 1.747 ns between mem_read_write/ddr2_control/mig_7series_0/u_mig_7series_0_mig/temp_mon_enabled.u_tempmon/xadc_supplied_temperature.temperature_reg[0]/C (clocked by clk_200_clk_wiz_0) and mem_read_write/ddr2_control/mig_7series_0/u_mig_7series_0_mig/temp_mon_enabled.u_tempmon/device_temp_sync_r1_reg[0]/D (clocked by clk_pll_i) that results in large hold timing violation(s) of -1.371 ns. Fixing large hold violations during routing might impact setup slack and result in more difficult timing closure
Related violations: <none>

TIMING-15#2 Warning
Large hold violation  
There is a large clock skew of 1.747 ns between mem_read_write/ddr2_control/mig_7series_0/u_mig_7series_0_mig/temp_mon_enabled.u_tempmon/xadc_supplied_temperature.temperature_reg[10]/C (clocked by clk_200_clk_wiz_0) and mem_read_write/ddr2_control/mig_7series_0/u_mig_7series_0_mig/temp_mon_enabled.u_tempmon/device_temp_sync_r1_reg[10]/D (clocked by clk_pll_i) that results in large hold timing violation(s) of -1.371 ns. Fixing large hold violations during routing might impact setup slack and result in more difficult timing closure
Related violations: <none>

TIMING-15#3 Warning
Large hold violation  
There is a large clock skew of 1.747 ns between mem_read_write/ddr2_control/mig_7series_0/u_mig_7series_0_mig/temp_mon_enabled.u_tempmon/xadc_supplied_temperature.temperature_reg[11]/C (clocked by clk_200_clk_wiz_0) and mem_read_write/ddr2_control/mig_7series_0/u_mig_7series_0_mig/temp_mon_enabled.u_tempmon/device_temp_sync_r1_reg[11]/D (clocked by clk_pll_i) that results in large hold timing violation(s) of -1.371 ns. Fixing large hold violations during routing might impact setup slack and result in more difficult timing closure
Related violations: <none>

TIMING-15#4 Warning
Large hold violation  
There is a large clock skew of 1.747 ns between mem_read_write/ddr2_control/mig_7series_0/u_mig_7series_0_mig/temp_mon_enabled.u_tempmon/xadc_supplied_temperature.temperature_reg[1]/C (clocked by clk_200_clk_wiz_0) and mem_read_write/ddr2_control/mig_7series_0/u_mig_7series_0_mig/temp_mon_enabled.u_tempmon/device_temp_sync_r1_reg[1]/D (clocked by clk_pll_i) that results in large hold timing violation(s) of -1.371 ns. Fixing large hold violations during routing might impact setup slack and result in more difficult timing closure
Related violations: <none>

TIMING-15#5 Warning
Large hold violation  
There is a large clock skew of 1.747 ns between mem_read_write/ddr2_control/mig_7series_0/u_mig_7series_0_mig/temp_mon_enabled.u_tempmon/xadc_supplied_temperature.temperature_reg[2]/C (clocked by clk_200_clk_wiz_0) and mem_read_write/ddr2_control/mig_7series_0/u_mig_7series_0_mig/temp_mon_enabled.u_tempmon/device_temp_sync_r1_reg[2]/D (clocked by clk_pll_i) that results in large hold timing violation(s) of -1.371 ns. Fixing large hold violations during routing might impact setup slack and result in more difficult timing closure
Related violations: <none>

TIMING-15#6 Warning
Large hold violation  
There is a large clock skew of 1.747 ns between mem_read_write/ddr2_control/mig_7series_0/u_mig_7series_0_mig/temp_mon_enabled.u_tempmon/xadc_supplied_temperature.temperature_reg[3]/C (clocked by clk_200_clk_wiz_0) and mem_read_write/ddr2_control/mig_7series_0/u_mig_7series_0_mig/temp_mon_enabled.u_tempmon/device_temp_sync_r1_reg[3]/D (clocked by clk_pll_i) that results in large hold timing violation(s) of -1.371 ns. Fixing large hold violations during routing might impact setup slack and result in more difficult timing closure
Related violations: <none>

TIMING-15#7 Warning
Large hold violation  
There is a large clock skew of 1.747 ns between mem_read_write/ddr2_control/mig_7series_0/u_mig_7series_0_mig/temp_mon_enabled.u_tempmon/xadc_supplied_temperature.temperature_reg[4]/C (clocked by clk_200_clk_wiz_0) and mem_read_write/ddr2_control/mig_7series_0/u_mig_7series_0_mig/temp_mon_enabled.u_tempmon/device_temp_sync_r1_reg[4]/D (clocked by clk_pll_i) that results in large hold timing violation(s) of -1.371 ns. Fixing large hold violations during routing might impact setup slack and result in more difficult timing closure
Related violations: <none>

TIMING-15#8 Warning
Large hold violation  
There is a large clock skew of 1.747 ns between mem_read_write/ddr2_control/mig_7series_0/u_mig_7series_0_mig/temp_mon_enabled.u_tempmon/xadc_supplied_temperature.temperature_reg[5]/C (clocked by clk_200_clk_wiz_0) and mem_read_write/ddr2_control/mig_7series_0/u_mig_7series_0_mig/temp_mon_enabled.u_tempmon/device_temp_sync_r1_reg[5]/D (clocked by clk_pll_i) that results in large hold timing violation(s) of -1.371 ns. Fixing large hold violations during routing might impact setup slack and result in more difficult timing closure
Related violations: <none>

TIMING-15#9 Warning
Large hold violation  
There is a large clock skew of 1.747 ns between mem_read_write/ddr2_control/mig_7series_0/u_mig_7series_0_mig/temp_mon_enabled.u_tempmon/xadc_supplied_temperature.temperature_reg[6]/C (clocked by clk_200_clk_wiz_0) and mem_read_write/ddr2_control/mig_7series_0/u_mig_7series_0_mig/temp_mon_enabled.u_tempmon/device_temp_sync_r1_reg[6]/D (clocked by clk_pll_i) that results in large hold timing violation(s) of -1.371 ns. Fixing large hold violations during routing might impact setup slack and result in more difficult timing closure
Related violations: <none>

TIMING-15#10 Warning
Large hold violation  
There is a large clock skew of 1.747 ns between mem_read_write/ddr2_control/mig_7series_0/u_mig_7series_0_mig/temp_mon_enabled.u_tempmon/xadc_supplied_temperature.temperature_reg[7]/C (clocked by clk_200_clk_wiz_0) and mem_read_write/ddr2_control/mig_7series_0/u_mig_7series_0_mig/temp_mon_enabled.u_tempmon/device_temp_sync_r1_reg[7]/D (clocked by clk_pll_i) that results in large hold timing violation(s) of -1.371 ns. Fixing large hold violations during routing might impact setup slack and result in more difficult timing closure
Related violations: <none>

TIMING-15#11 Warning
Large hold violation  
There is a large clock skew of 1.747 ns between mem_read_write/ddr2_control/mig_7series_0/u_mig_7series_0_mig/temp_mon_enabled.u_tempmon/xadc_supplied_temperature.temperature_reg[8]/C (clocked by clk_200_clk_wiz_0) and mem_read_write/ddr2_control/mig_7series_0/u_mig_7series_0_mig/temp_mon_enabled.u_tempmon/device_temp_sync_r1_reg[8]/D (clocked by clk_pll_i) that results in large hold timing violation(s) of -1.371 ns. Fixing large hold violations during routing might impact setup slack and result in more difficult timing closure
Related violations: <none>

TIMING-15#12 Warning
Large hold violation  
There is a large clock skew of 1.747 ns between mem_read_write/ddr2_control/mig_7series_0/u_mig_7series_0_mig/temp_mon_enabled.u_tempmon/xadc_supplied_temperature.temperature_reg[9]/C (clocked by clk_200_clk_wiz_0) and mem_read_write/ddr2_control/mig_7series_0/u_mig_7series_0_mig/temp_mon_enabled.u_tempmon/device_temp_sync_r1_reg[9]/D (clocked by clk_pll_i) that results in large hold timing violation(s) of -1.371 ns. Fixing large hold violations during routing might impact setup slack and result in more difficult timing closure
Related violations: <none>

TIMING-15#13 Warning
Large hold violation  
There is a large clock skew of 1.966 ns between mem_read_write/o_ddr_mem_write_DV_reg/C (clocked by sys_clk_pin) and mem_read_write/ddr2_control/FSM_sequential_state_reg[1]/D (clocked by clk_pll_i) that results in large hold timing violation(s) of -1.188 ns. Fixing large hold violations during routing might impact setup slack and result in more difficult timing closure
Related violations: <none>

TIMING-15#14 Warning
Large hold violation  
There is a large clock skew of 1.966 ns between mem_read_write/o_ddr_mem_write_DV_reg/C (clocked by sys_clk_pin) and mem_read_write/ddr2_control/FSM_sequential_state_reg[2]/D (clocked by clk_pll_i) that results in large hold timing violation(s) of -1.188 ns. Fixing large hold violations during routing might impact setup slack and result in more difficult timing closure
Related violations: <none>

TIMING-15#15 Warning
Large hold violation  
There is a large clock skew of 1.966 ns between mem_read_write/o_ddr_mem_write_data_reg[0]/C (clocked by sys_clk_pin) and mem_read_write/ddr2_control/app_wdf_data_reg[0]/D (clocked by clk_pll_i) that results in large hold timing violation(s) of -1.551 ns. Fixing large hold violations during routing might impact setup slack and result in more difficult timing closure
Related violations: <none>

TIMING-15#16 Warning
Large hold violation  
There is a large clock skew of 1.966 ns between mem_read_write/o_ddr_mem_write_data_reg[100]/C (clocked by sys_clk_pin) and mem_read_write/ddr2_control/app_wdf_data_reg[100]/D (clocked by clk_pll_i) that results in large hold timing violation(s) of -1.551 ns. Fixing large hold violations during routing might impact setup slack and result in more difficult timing closure
Related violations: <none>

TIMING-15#17 Warning
Large hold violation  
There is a large clock skew of 1.966 ns between mem_read_write/o_ddr_mem_write_data_reg[101]/C (clocked by sys_clk_pin) and mem_read_write/ddr2_control/app_wdf_data_reg[101]/D (clocked by clk_pll_i) that results in large hold timing violation(s) of -1.551 ns. Fixing large hold violations during routing might impact setup slack and result in more difficult timing closure
Related violations: <none>

TIMING-15#18 Warning
Large hold violation  
There is a large clock skew of 1.966 ns between mem_read_write/o_ddr_mem_write_data_reg[102]/C (clocked by sys_clk_pin) and mem_read_write/ddr2_control/app_wdf_data_reg[102]/D (clocked by clk_pll_i) that results in large hold timing violation(s) of -1.551 ns. Fixing large hold violations during routing might impact setup slack and result in more difficult timing closure
Related violations: <none>

TIMING-15#19 Warning
Large hold violation  
There is a large clock skew of 1.966 ns between mem_read_write/o_ddr_mem_write_data_reg[103]/C (clocked by sys_clk_pin) and mem_read_write/ddr2_control/app_wdf_data_reg[103]/D (clocked by clk_pll_i) that results in large hold timing violation(s) of -1.551 ns. Fixing large hold violations during routing might impact setup slack and result in more difficult timing closure
Related violations: <none>

TIMING-15#20 Warning
Large hold violation  
There is a large clock skew of 1.966 ns between mem_read_write/o_ddr_mem_write_data_reg[104]/C (clocked by sys_clk_pin) and mem_read_write/ddr2_control/app_wdf_data_reg[104]/D (clocked by clk_pll_i) that results in large hold timing violation(s) of -1.551 ns. Fixing large hold violations during routing might impact setup slack and result in more difficult timing closure
Related violations: <none>

TIMING-15#21 Warning
Large hold violation  
There is a large clock skew of 1.966 ns between mem_read_write/o_ddr_mem_write_data_reg[105]/C (clocked by sys_clk_pin) and mem_read_write/ddr2_control/app_wdf_data_reg[105]/D (clocked by clk_pll_i) that results in large hold timing violation(s) of -1.551 ns. Fixing large hold violations during routing might impact setup slack and result in more difficult timing closure
Related violations: <none>

TIMING-15#22 Warning
Large hold violation  
There is a large clock skew of 1.966 ns between mem_read_write/o_ddr_mem_write_data_reg[106]/C (clocked by sys_clk_pin) and mem_read_write/ddr2_control/app_wdf_data_reg[106]/D (clocked by clk_pll_i) that results in large hold timing violation(s) of -1.551 ns. Fixing large hold violations during routing might impact setup slack and result in more difficult timing closure
Related violations: <none>

TIMING-15#23 Warning
Large hold violation  
There is a large clock skew of 1.966 ns between mem_read_write/o_ddr_mem_write_data_reg[107]/C (clocked by sys_clk_pin) and mem_read_write/ddr2_control/app_wdf_data_reg[107]/D (clocked by clk_pll_i) that results in large hold timing violation(s) of -1.551 ns. Fixing large hold violations during routing might impact setup slack and result in more difficult timing closure
Related violations: <none>

TIMING-15#24 Warning
Large hold violation  
There is a large clock skew of 1.966 ns between mem_read_write/o_ddr_mem_write_data_reg[108]/C (clocked by sys_clk_pin) and mem_read_write/ddr2_control/app_wdf_data_reg[108]/D (clocked by clk_pll_i) that results in large hold timing violation(s) of -1.551 ns. Fixing large hold violations during routing might impact setup slack and result in more difficult timing closure
Related violations: <none>

TIMING-15#25 Warning
Large hold violation  
There is a large clock skew of 1.966 ns between mem_read_write/o_ddr_mem_write_data_reg[109]/C (clocked by sys_clk_pin) and mem_read_write/ddr2_control/app_wdf_data_reg[109]/D (clocked by clk_pll_i) that results in large hold timing violation(s) of -1.551 ns. Fixing large hold violations during routing might impact setup slack and result in more difficult timing closure
Related violations: <none>

TIMING-15#26 Warning
Large hold violation  
There is a large clock skew of 1.966 ns between mem_read_write/o_ddr_mem_write_data_reg[10]/C (clocked by sys_clk_pin) and mem_read_write/ddr2_control/app_wdf_data_reg[10]/D (clocked by clk_pll_i) that results in large hold timing violation(s) of -1.551 ns. Fixing large hold violations during routing might impact setup slack and result in more difficult timing closure
Related violations: <none>

TIMING-15#27 Warning
Large hold violation  
There is a large clock skew of 1.966 ns between mem_read_write/o_ddr_mem_write_data_reg[110]/C (clocked by sys_clk_pin) and mem_read_write/ddr2_control/app_wdf_data_reg[110]/D (clocked by clk_pll_i) that results in large hold timing violation(s) of -1.551 ns. Fixing large hold violations during routing might impact setup slack and result in more difficult timing closure
Related violations: <none>

TIMING-15#28 Warning
Large hold violation  
There is a large clock skew of 1.966 ns between mem_read_write/o_ddr_mem_write_data_reg[111]/C (clocked by sys_clk_pin) and mem_read_write/ddr2_control/app_wdf_data_reg[111]/D (clocked by clk_pll_i) that results in large hold timing violation(s) of -1.551 ns. Fixing large hold violations during routing might impact setup slack and result in more difficult timing closure
Related violations: <none>

TIMING-15#29 Warning
Large hold violation  
There is a large clock skew of 1.966 ns between mem_read_write/o_ddr_mem_write_data_reg[112]/C (clocked by sys_clk_pin) and mem_read_write/ddr2_control/app_wdf_data_reg[112]/D (clocked by clk_pll_i) that results in large hold timing violation(s) of -1.551 ns. Fixing large hold violations during routing might impact setup slack and result in more difficult timing closure
Related violations: <none>

TIMING-15#30 Warning
Large hold violation  
There is a large clock skew of 1.966 ns between mem_read_write/o_ddr_mem_write_data_reg[113]/C (clocked by sys_clk_pin) and mem_read_write/ddr2_control/app_wdf_data_reg[113]/D (clocked by clk_pll_i) that results in large hold timing violation(s) of -1.551 ns. Fixing large hold violations during routing might impact setup slack and result in more difficult timing closure
Related violations: <none>

TIMING-15#31 Warning
Large hold violation  
There is a large clock skew of 1.966 ns between mem_read_write/o_ddr_mem_write_data_reg[114]/C (clocked by sys_clk_pin) and mem_read_write/ddr2_control/app_wdf_data_reg[114]/D (clocked by clk_pll_i) that results in large hold timing violation(s) of -1.551 ns. Fixing large hold violations during routing might impact setup slack and result in more difficult timing closure
Related violations: <none>

TIMING-15#32 Warning
Large hold violation  
There is a large clock skew of 1.966 ns between mem_read_write/o_ddr_mem_write_data_reg[115]/C (clocked by sys_clk_pin) and mem_read_write/ddr2_control/app_wdf_data_reg[115]/D (clocked by clk_pll_i) that results in large hold timing violation(s) of -1.551 ns. Fixing large hold violations during routing might impact setup slack and result in more difficult timing closure
Related violations: <none>

TIMING-15#33 Warning
Large hold violation  
There is a large clock skew of 1.966 ns between mem_read_write/o_ddr_mem_write_data_reg[116]/C (clocked by sys_clk_pin) and mem_read_write/ddr2_control/app_wdf_data_reg[116]/D (clocked by clk_pll_i) that results in large hold timing violation(s) of -1.551 ns. Fixing large hold violations during routing might impact setup slack and result in more difficult timing closure
Related violations: <none>

TIMING-15#34 Warning
Large hold violation  
There is a large clock skew of 1.966 ns between mem_read_write/o_ddr_mem_write_data_reg[117]/C (clocked by sys_clk_pin) and mem_read_write/ddr2_control/app_wdf_data_reg[117]/D (clocked by clk_pll_i) that results in large hold timing violation(s) of -1.551 ns. Fixing large hold violations during routing might impact setup slack and result in more difficult timing closure
Related violations: <none>

TIMING-15#35 Warning
Large hold violation  
There is a large clock skew of 1.966 ns between mem_read_write/o_ddr_mem_write_data_reg[118]/C (clocked by sys_clk_pin) and mem_read_write/ddr2_control/app_wdf_data_reg[118]/D (clocked by clk_pll_i) that results in large hold timing violation(s) of -1.551 ns. Fixing large hold violations during routing might impact setup slack and result in more difficult timing closure
Related violations: <none>

TIMING-15#36 Warning
Large hold violation  
There is a large clock skew of 1.966 ns between mem_read_write/o_ddr_mem_write_data_reg[119]/C (clocked by sys_clk_pin) and mem_read_write/ddr2_control/app_wdf_data_reg[119]/D (clocked by clk_pll_i) that results in large hold timing violation(s) of -1.551 ns. Fixing large hold violations during routing might impact setup slack and result in more difficult timing closure
Related violations: <none>

TIMING-15#37 Warning
Large hold violation  
There is a large clock skew of 1.966 ns between mem_read_write/o_ddr_mem_write_data_reg[11]/C (clocked by sys_clk_pin) and mem_read_write/ddr2_control/app_wdf_data_reg[11]/D (clocked by clk_pll_i) that results in large hold timing violation(s) of -1.551 ns. Fixing large hold violations during routing might impact setup slack and result in more difficult timing closure
Related violations: <none>

TIMING-15#38 Warning
Large hold violation  
There is a large clock skew of 1.966 ns between mem_read_write/o_ddr_mem_write_data_reg[120]/C (clocked by sys_clk_pin) and mem_read_write/ddr2_control/app_wdf_data_reg[120]/D (clocked by clk_pll_i) that results in large hold timing violation(s) of -1.551 ns. Fixing large hold violations during routing might impact setup slack and result in more difficult timing closure
Related violations: <none>

TIMING-15#39 Warning
Large hold violation  
There is a large clock skew of 1.966 ns between mem_read_write/o_ddr_mem_write_data_reg[121]/C (clocked by sys_clk_pin) and mem_read_write/ddr2_control/app_wdf_data_reg[121]/D (clocked by clk_pll_i) that results in large hold timing violation(s) of -1.551 ns. Fixing large hold violations during routing might impact setup slack and result in more difficult timing closure
Related violations: <none>

TIMING-15#40 Warning
Large hold violation  
There is a large clock skew of 1.966 ns between mem_read_write/o_ddr_mem_write_data_reg[122]/C (clocked by sys_clk_pin) and mem_read_write/ddr2_control/app_wdf_data_reg[122]/D (clocked by clk_pll_i) that results in large hold timing violation(s) of -1.551 ns. Fixing large hold violations during routing might impact setup slack and result in more difficult timing closure
Related violations: <none>

TIMING-15#41 Warning
Large hold violation  
There is a large clock skew of 1.966 ns between mem_read_write/o_ddr_mem_write_data_reg[123]/C (clocked by sys_clk_pin) and mem_read_write/ddr2_control/app_wdf_data_reg[123]/D (clocked by clk_pll_i) that results in large hold timing violation(s) of -1.551 ns. Fixing large hold violations during routing might impact setup slack and result in more difficult timing closure
Related violations: <none>

TIMING-15#42 Warning
Large hold violation  
There is a large clock skew of 1.966 ns between mem_read_write/o_ddr_mem_write_data_reg[124]/C (clocked by sys_clk_pin) and mem_read_write/ddr2_control/app_wdf_data_reg[124]/D (clocked by clk_pll_i) that results in large hold timing violation(s) of -1.551 ns. Fixing large hold violations during routing might impact setup slack and result in more difficult timing closure
Related violations: <none>

TIMING-15#43 Warning
Large hold violation  
There is a large clock skew of 1.966 ns between mem_read_write/o_ddr_mem_write_data_reg[125]/C (clocked by sys_clk_pin) and mem_read_write/ddr2_control/app_wdf_data_reg[125]/D (clocked by clk_pll_i) that results in large hold timing violation(s) of -1.551 ns. Fixing large hold violations during routing might impact setup slack and result in more difficult timing closure
Related violations: <none>

TIMING-15#44 Warning
Large hold violation  
There is a large clock skew of 1.966 ns between mem_read_write/o_ddr_mem_write_data_reg[126]/C (clocked by sys_clk_pin) and mem_read_write/ddr2_control/app_wdf_data_reg[126]/D (clocked by clk_pll_i) that results in large hold timing violation(s) of -1.551 ns. Fixing large hold violations during routing might impact setup slack and result in more difficult timing closure
Related violations: <none>

TIMING-15#45 Warning
Large hold violation  
There is a large clock skew of 1.966 ns between mem_read_write/o_ddr_mem_write_data_reg[127]/C (clocked by sys_clk_pin) and mem_read_write/ddr2_control/app_wdf_data_reg[127]/D (clocked by clk_pll_i) that results in large hold timing violation(s) of -1.551 ns. Fixing large hold violations during routing might impact setup slack and result in more difficult timing closure
Related violations: <none>

TIMING-15#46 Warning
Large hold violation  
There is a large clock skew of 1.966 ns between mem_read_write/o_ddr_mem_write_data_reg[12]/C (clocked by sys_clk_pin) and mem_read_write/ddr2_control/app_wdf_data_reg[12]/D (clocked by clk_pll_i) that results in large hold timing violation(s) of -1.551 ns. Fixing large hold violations during routing might impact setup slack and result in more difficult timing closure
Related violations: <none>

TIMING-15#47 Warning
Large hold violation  
There is a large clock skew of 1.966 ns between mem_read_write/o_ddr_mem_write_data_reg[13]/C (clocked by sys_clk_pin) and mem_read_write/ddr2_control/app_wdf_data_reg[13]/D (clocked by clk_pll_i) that results in large hold timing violation(s) of -1.551 ns. Fixing large hold violations during routing might impact setup slack and result in more difficult timing closure
Related violations: <none>

TIMING-15#48 Warning
Large hold violation  
There is a large clock skew of 1.966 ns between mem_read_write/o_ddr_mem_write_data_reg[14]/C (clocked by sys_clk_pin) and mem_read_write/ddr2_control/app_wdf_data_reg[14]/D (clocked by clk_pll_i) that results in large hold timing violation(s) of -1.551 ns. Fixing large hold violations during routing might impact setup slack and result in more difficult timing closure
Related violations: <none>

TIMING-15#49 Warning
Large hold violation  
There is a large clock skew of 1.966 ns between mem_read_write/o_ddr_mem_write_data_reg[15]/C (clocked by sys_clk_pin) and mem_read_write/ddr2_control/app_wdf_data_reg[15]/D (clocked by clk_pll_i) that results in large hold timing violation(s) of -1.551 ns. Fixing large hold violations during routing might impact setup slack and result in more difficult timing closure
Related violations: <none>

TIMING-15#50 Warning
Large hold violation  
There is a large clock skew of 1.966 ns between mem_read_write/o_ddr_mem_write_data_reg[16]/C (clocked by sys_clk_pin) and mem_read_write/ddr2_control/app_wdf_data_reg[16]/D (clocked by clk_pll_i) that results in large hold timing violation(s) of -1.551 ns. Fixing large hold violations during routing might impact setup slack and result in more difficult timing closure
Related violations: <none>

TIMING-15#51 Warning
Large hold violation  
There is a large clock skew of 1.966 ns between mem_read_write/o_ddr_mem_write_data_reg[17]/C (clocked by sys_clk_pin) and mem_read_write/ddr2_control/app_wdf_data_reg[17]/D (clocked by clk_pll_i) that results in large hold timing violation(s) of -1.551 ns. Fixing large hold violations during routing might impact setup slack and result in more difficult timing closure
Related violations: <none>

TIMING-15#52 Warning
Large hold violation  
There is a large clock skew of 1.966 ns between mem_read_write/o_ddr_mem_write_data_reg[18]/C (clocked by sys_clk_pin) and mem_read_write/ddr2_control/app_wdf_data_reg[18]/D (clocked by clk_pll_i) that results in large hold timing violation(s) of -1.551 ns. Fixing large hold violations during routing might impact setup slack and result in more difficult timing closure
Related violations: <none>

TIMING-15#53 Warning
Large hold violation  
There is a large clock skew of 1.966 ns between mem_read_write/o_ddr_mem_write_data_reg[19]/C (clocked by sys_clk_pin) and mem_read_write/ddr2_control/app_wdf_data_reg[19]/D (clocked by clk_pll_i) that results in large hold timing violation(s) of -1.551 ns. Fixing large hold violations during routing might impact setup slack and result in more difficult timing closure
Related violations: <none>

TIMING-15#54 Warning
Large hold violation  
There is a large clock skew of 1.966 ns between mem_read_write/o_ddr_mem_write_data_reg[1]/C (clocked by sys_clk_pin) and mem_read_write/ddr2_control/app_wdf_data_reg[1]/D (clocked by clk_pll_i) that results in large hold timing violation(s) of -1.551 ns. Fixing large hold violations during routing might impact setup slack and result in more difficult timing closure
Related violations: <none>

TIMING-15#55 Warning
Large hold violation  
There is a large clock skew of 1.966 ns between mem_read_write/o_ddr_mem_write_data_reg[20]/C (clocked by sys_clk_pin) and mem_read_write/ddr2_control/app_wdf_data_reg[20]/D (clocked by clk_pll_i) that results in large hold timing violation(s) of -1.551 ns. Fixing large hold violations during routing might impact setup slack and result in more difficult timing closure
Related violations: <none>

TIMING-15#56 Warning
Large hold violation  
There is a large clock skew of 1.966 ns between mem_read_write/o_ddr_mem_write_data_reg[21]/C (clocked by sys_clk_pin) and mem_read_write/ddr2_control/app_wdf_data_reg[21]/D (clocked by clk_pll_i) that results in large hold timing violation(s) of -1.551 ns. Fixing large hold violations during routing might impact setup slack and result in more difficult timing closure
Related violations: <none>

TIMING-15#57 Warning
Large hold violation  
There is a large clock skew of 1.966 ns between mem_read_write/o_ddr_mem_write_data_reg[22]/C (clocked by sys_clk_pin) and mem_read_write/ddr2_control/app_wdf_data_reg[22]/D (clocked by clk_pll_i) that results in large hold timing violation(s) of -1.551 ns. Fixing large hold violations during routing might impact setup slack and result in more difficult timing closure
Related violations: <none>

TIMING-15#58 Warning
Large hold violation  
There is a large clock skew of 1.966 ns between mem_read_write/o_ddr_mem_write_data_reg[23]/C (clocked by sys_clk_pin) and mem_read_write/ddr2_control/app_wdf_data_reg[23]/D (clocked by clk_pll_i) that results in large hold timing violation(s) of -1.551 ns. Fixing large hold violations during routing might impact setup slack and result in more difficult timing closure
Related violations: <none>

TIMING-15#59 Warning
Large hold violation  
There is a large clock skew of 1.966 ns between mem_read_write/o_ddr_mem_write_data_reg[24]/C (clocked by sys_clk_pin) and mem_read_write/ddr2_control/app_wdf_data_reg[24]/D (clocked by clk_pll_i) that results in large hold timing violation(s) of -1.551 ns. Fixing large hold violations during routing might impact setup slack and result in more difficult timing closure
Related violations: <none>

TIMING-15#60 Warning
Large hold violation  
There is a large clock skew of 1.966 ns between mem_read_write/o_ddr_mem_write_data_reg[25]/C (clocked by sys_clk_pin) and mem_read_write/ddr2_control/app_wdf_data_reg[25]/D (clocked by clk_pll_i) that results in large hold timing violation(s) of -1.551 ns. Fixing large hold violations during routing might impact setup slack and result in more difficult timing closure
Related violations: <none>

TIMING-15#61 Warning
Large hold violation  
There is a large clock skew of 1.966 ns between mem_read_write/o_ddr_mem_write_data_reg[26]/C (clocked by sys_clk_pin) and mem_read_write/ddr2_control/app_wdf_data_reg[26]/D (clocked by clk_pll_i) that results in large hold timing violation(s) of -1.551 ns. Fixing large hold violations during routing might impact setup slack and result in more difficult timing closure
Related violations: <none>

TIMING-15#62 Warning
Large hold violation  
There is a large clock skew of 1.966 ns between mem_read_write/o_ddr_mem_write_data_reg[27]/C (clocked by sys_clk_pin) and mem_read_write/ddr2_control/app_wdf_data_reg[27]/D (clocked by clk_pll_i) that results in large hold timing violation(s) of -1.551 ns. Fixing large hold violations during routing might impact setup slack and result in more difficult timing closure
Related violations: <none>

TIMING-15#63 Warning
Large hold violation  
There is a large clock skew of 1.966 ns between mem_read_write/o_ddr_mem_write_data_reg[28]/C (clocked by sys_clk_pin) and mem_read_write/ddr2_control/app_wdf_data_reg[28]/D (clocked by clk_pll_i) that results in large hold timing violation(s) of -1.551 ns. Fixing large hold violations during routing might impact setup slack and result in more difficult timing closure
Related violations: <none>

TIMING-15#64 Warning
Large hold violation  
There is a large clock skew of 1.966 ns between mem_read_write/o_ddr_mem_write_data_reg[29]/C (clocked by sys_clk_pin) and mem_read_write/ddr2_control/app_wdf_data_reg[29]/D (clocked by clk_pll_i) that results in large hold timing violation(s) of -1.551 ns. Fixing large hold violations during routing might impact setup slack and result in more difficult timing closure
Related violations: <none>

TIMING-15#65 Warning
Large hold violation  
There is a large clock skew of 1.966 ns between mem_read_write/o_ddr_mem_write_data_reg[2]/C (clocked by sys_clk_pin) and mem_read_write/ddr2_control/app_wdf_data_reg[2]/D (clocked by clk_pll_i) that results in large hold timing violation(s) of -1.551 ns. Fixing large hold violations during routing might impact setup slack and result in more difficult timing closure
Related violations: <none>

TIMING-15#66 Warning
Large hold violation  
There is a large clock skew of 1.966 ns between mem_read_write/o_ddr_mem_write_data_reg[30]/C (clocked by sys_clk_pin) and mem_read_write/ddr2_control/app_wdf_data_reg[30]/D (clocked by clk_pll_i) that results in large hold timing violation(s) of -1.551 ns. Fixing large hold violations during routing might impact setup slack and result in more difficult timing closure
Related violations: <none>

TIMING-15#67 Warning
Large hold violation  
There is a large clock skew of 1.966 ns between mem_read_write/o_ddr_mem_write_data_reg[31]/C (clocked by sys_clk_pin) and mem_read_write/ddr2_control/app_wdf_data_reg[31]/D (clocked by clk_pll_i) that results in large hold timing violation(s) of -1.551 ns. Fixing large hold violations during routing might impact setup slack and result in more difficult timing closure
Related violations: <none>

TIMING-15#68 Warning
Large hold violation  
There is a large clock skew of 1.966 ns between mem_read_write/o_ddr_mem_write_data_reg[32]/C (clocked by sys_clk_pin) and mem_read_write/ddr2_control/app_wdf_data_reg[32]/D (clocked by clk_pll_i) that results in large hold timing violation(s) of -1.551 ns. Fixing large hold violations during routing might impact setup slack and result in more difficult timing closure
Related violations: <none>

TIMING-15#69 Warning
Large hold violation  
There is a large clock skew of 1.966 ns between mem_read_write/o_ddr_mem_write_data_reg[33]/C (clocked by sys_clk_pin) and mem_read_write/ddr2_control/app_wdf_data_reg[33]/D (clocked by clk_pll_i) that results in large hold timing violation(s) of -1.551 ns. Fixing large hold violations during routing might impact setup slack and result in more difficult timing closure
Related violations: <none>

TIMING-15#70 Warning
Large hold violation  
There is a large clock skew of 1.966 ns between mem_read_write/o_ddr_mem_write_data_reg[34]/C (clocked by sys_clk_pin) and mem_read_write/ddr2_control/app_wdf_data_reg[34]/D (clocked by clk_pll_i) that results in large hold timing violation(s) of -1.551 ns. Fixing large hold violations during routing might impact setup slack and result in more difficult timing closure
Related violations: <none>

TIMING-15#71 Warning
Large hold violation  
There is a large clock skew of 1.966 ns between mem_read_write/o_ddr_mem_write_data_reg[35]/C (clocked by sys_clk_pin) and mem_read_write/ddr2_control/app_wdf_data_reg[35]/D (clocked by clk_pll_i) that results in large hold timing violation(s) of -1.551 ns. Fixing large hold violations during routing might impact setup slack and result in more difficult timing closure
Related violations: <none>

TIMING-15#72 Warning
Large hold violation  
There is a large clock skew of 1.966 ns between mem_read_write/o_ddr_mem_write_data_reg[36]/C (clocked by sys_clk_pin) and mem_read_write/ddr2_control/app_wdf_data_reg[36]/D (clocked by clk_pll_i) that results in large hold timing violation(s) of -1.551 ns. Fixing large hold violations during routing might impact setup slack and result in more difficult timing closure
Related violations: <none>

TIMING-15#73 Warning
Large hold violation  
There is a large clock skew of 1.966 ns between mem_read_write/o_ddr_mem_write_data_reg[37]/C (clocked by sys_clk_pin) and mem_read_write/ddr2_control/app_wdf_data_reg[37]/D (clocked by clk_pll_i) that results in large hold timing violation(s) of -1.551 ns. Fixing large hold violations during routing might impact setup slack and result in more difficult timing closure
Related violations: <none>

TIMING-15#74 Warning
Large hold violation  
There is a large clock skew of 1.966 ns between mem_read_write/o_ddr_mem_write_data_reg[38]/C (clocked by sys_clk_pin) and mem_read_write/ddr2_control/app_wdf_data_reg[38]/D (clocked by clk_pll_i) that results in large hold timing violation(s) of -1.551 ns. Fixing large hold violations during routing might impact setup slack and result in more difficult timing closure
Related violations: <none>

TIMING-15#75 Warning
Large hold violation  
There is a large clock skew of 1.966 ns between mem_read_write/o_ddr_mem_write_data_reg[39]/C (clocked by sys_clk_pin) and mem_read_write/ddr2_control/app_wdf_data_reg[39]/D (clocked by clk_pll_i) that results in large hold timing violation(s) of -1.551 ns. Fixing large hold violations during routing might impact setup slack and result in more difficult timing closure
Related violations: <none>

TIMING-15#76 Warning
Large hold violation  
There is a large clock skew of 1.966 ns between mem_read_write/o_ddr_mem_write_data_reg[3]/C (clocked by sys_clk_pin) and mem_read_write/ddr2_control/app_wdf_data_reg[3]/D (clocked by clk_pll_i) that results in large hold timing violation(s) of -1.551 ns. Fixing large hold violations during routing might impact setup slack and result in more difficult timing closure
Related violations: <none>

TIMING-15#77 Warning
Large hold violation  
There is a large clock skew of 1.966 ns between mem_read_write/o_ddr_mem_write_data_reg[40]/C (clocked by sys_clk_pin) and mem_read_write/ddr2_control/app_wdf_data_reg[40]/D (clocked by clk_pll_i) that results in large hold timing violation(s) of -1.551 ns. Fixing large hold violations during routing might impact setup slack and result in more difficult timing closure
Related violations: <none>

TIMING-15#78 Warning
Large hold violation  
There is a large clock skew of 1.966 ns between mem_read_write/o_ddr_mem_write_data_reg[41]/C (clocked by sys_clk_pin) and mem_read_write/ddr2_control/app_wdf_data_reg[41]/D (clocked by clk_pll_i) that results in large hold timing violation(s) of -1.551 ns. Fixing large hold violations during routing might impact setup slack and result in more difficult timing closure
Related violations: <none>

TIMING-15#79 Warning
Large hold violation  
There is a large clock skew of 1.966 ns between mem_read_write/o_ddr_mem_write_data_reg[42]/C (clocked by sys_clk_pin) and mem_read_write/ddr2_control/app_wdf_data_reg[42]/D (clocked by clk_pll_i) that results in large hold timing violation(s) of -1.551 ns. Fixing large hold violations during routing might impact setup slack and result in more difficult timing closure
Related violations: <none>

TIMING-15#80 Warning
Large hold violation  
There is a large clock skew of 1.966 ns between mem_read_write/o_ddr_mem_write_data_reg[43]/C (clocked by sys_clk_pin) and mem_read_write/ddr2_control/app_wdf_data_reg[43]/D (clocked by clk_pll_i) that results in large hold timing violation(s) of -1.551 ns. Fixing large hold violations during routing might impact setup slack and result in more difficult timing closure
Related violations: <none>

TIMING-15#81 Warning
Large hold violation  
There is a large clock skew of 1.966 ns between mem_read_write/o_ddr_mem_write_data_reg[44]/C (clocked by sys_clk_pin) and mem_read_write/ddr2_control/app_wdf_data_reg[44]/D (clocked by clk_pll_i) that results in large hold timing violation(s) of -1.551 ns. Fixing large hold violations during routing might impact setup slack and result in more difficult timing closure
Related violations: <none>

TIMING-15#82 Warning
Large hold violation  
There is a large clock skew of 1.966 ns between mem_read_write/o_ddr_mem_write_data_reg[45]/C (clocked by sys_clk_pin) and mem_read_write/ddr2_control/app_wdf_data_reg[45]/D (clocked by clk_pll_i) that results in large hold timing violation(s) of -1.551 ns. Fixing large hold violations during routing might impact setup slack and result in more difficult timing closure
Related violations: <none>

TIMING-15#83 Warning
Large hold violation  
There is a large clock skew of 1.966 ns between mem_read_write/o_ddr_mem_write_data_reg[46]/C (clocked by sys_clk_pin) and mem_read_write/ddr2_control/app_wdf_data_reg[46]/D (clocked by clk_pll_i) that results in large hold timing violation(s) of -1.551 ns. Fixing large hold violations during routing might impact setup slack and result in more difficult timing closure
Related violations: <none>

TIMING-15#84 Warning
Large hold violation  
There is a large clock skew of 1.966 ns between mem_read_write/o_ddr_mem_write_data_reg[47]/C (clocked by sys_clk_pin) and mem_read_write/ddr2_control/app_wdf_data_reg[47]/D (clocked by clk_pll_i) that results in large hold timing violation(s) of -1.551 ns. Fixing large hold violations during routing might impact setup slack and result in more difficult timing closure
Related violations: <none>

TIMING-15#85 Warning
Large hold violation  
There is a large clock skew of 1.966 ns between mem_read_write/o_ddr_mem_write_data_reg[48]/C (clocked by sys_clk_pin) and mem_read_write/ddr2_control/app_wdf_data_reg[48]/D (clocked by clk_pll_i) that results in large hold timing violation(s) of -1.551 ns. Fixing large hold violations during routing might impact setup slack and result in more difficult timing closure
Related violations: <none>

TIMING-15#86 Warning
Large hold violation  
There is a large clock skew of 1.966 ns between mem_read_write/o_ddr_mem_write_data_reg[49]/C (clocked by sys_clk_pin) and mem_read_write/ddr2_control/app_wdf_data_reg[49]/D (clocked by clk_pll_i) that results in large hold timing violation(s) of -1.551 ns. Fixing large hold violations during routing might impact setup slack and result in more difficult timing closure
Related violations: <none>

TIMING-15#87 Warning
Large hold violation  
There is a large clock skew of 1.966 ns between mem_read_write/o_ddr_mem_write_data_reg[4]/C (clocked by sys_clk_pin) and mem_read_write/ddr2_control/app_wdf_data_reg[4]/D (clocked by clk_pll_i) that results in large hold timing violation(s) of -1.551 ns. Fixing large hold violations during routing might impact setup slack and result in more difficult timing closure
Related violations: <none>

TIMING-15#88 Warning
Large hold violation  
There is a large clock skew of 1.966 ns between mem_read_write/o_ddr_mem_write_data_reg[50]/C (clocked by sys_clk_pin) and mem_read_write/ddr2_control/app_wdf_data_reg[50]/D (clocked by clk_pll_i) that results in large hold timing violation(s) of -1.551 ns. Fixing large hold violations during routing might impact setup slack and result in more difficult timing closure
Related violations: <none>

TIMING-15#89 Warning
Large hold violation  
There is a large clock skew of 1.966 ns between mem_read_write/o_ddr_mem_write_data_reg[51]/C (clocked by sys_clk_pin) and mem_read_write/ddr2_control/app_wdf_data_reg[51]/D (clocked by clk_pll_i) that results in large hold timing violation(s) of -1.551 ns. Fixing large hold violations during routing might impact setup slack and result in more difficult timing closure
Related violations: <none>

TIMING-15#90 Warning
Large hold violation  
There is a large clock skew of 1.966 ns between mem_read_write/o_ddr_mem_write_data_reg[52]/C (clocked by sys_clk_pin) and mem_read_write/ddr2_control/app_wdf_data_reg[52]/D (clocked by clk_pll_i) that results in large hold timing violation(s) of -1.551 ns. Fixing large hold violations during routing might impact setup slack and result in more difficult timing closure
Related violations: <none>

TIMING-15#91 Warning
Large hold violation  
There is a large clock skew of 1.966 ns between mem_read_write/o_ddr_mem_write_data_reg[53]/C (clocked by sys_clk_pin) and mem_read_write/ddr2_control/app_wdf_data_reg[53]/D (clocked by clk_pll_i) that results in large hold timing violation(s) of -1.551 ns. Fixing large hold violations during routing might impact setup slack and result in more difficult timing closure
Related violations: <none>

TIMING-15#92 Warning
Large hold violation  
There is a large clock skew of 1.966 ns between mem_read_write/o_ddr_mem_write_data_reg[54]/C (clocked by sys_clk_pin) and mem_read_write/ddr2_control/app_wdf_data_reg[54]/D (clocked by clk_pll_i) that results in large hold timing violation(s) of -1.551 ns. Fixing large hold violations during routing might impact setup slack and result in more difficult timing closure
Related violations: <none>

TIMING-15#93 Warning
Large hold violation  
There is a large clock skew of 1.966 ns between mem_read_write/o_ddr_mem_write_data_reg[55]/C (clocked by sys_clk_pin) and mem_read_write/ddr2_control/app_wdf_data_reg[55]/D (clocked by clk_pll_i) that results in large hold timing violation(s) of -1.551 ns. Fixing large hold violations during routing might impact setup slack and result in more difficult timing closure
Related violations: <none>

TIMING-15#94 Warning
Large hold violation  
There is a large clock skew of 1.966 ns between mem_read_write/o_ddr_mem_write_data_reg[56]/C (clocked by sys_clk_pin) and mem_read_write/ddr2_control/app_wdf_data_reg[56]/D (clocked by clk_pll_i) that results in large hold timing violation(s) of -1.551 ns. Fixing large hold violations during routing might impact setup slack and result in more difficult timing closure
Related violations: <none>

TIMING-15#95 Warning
Large hold violation  
There is a large clock skew of 1.966 ns between mem_read_write/o_ddr_mem_write_data_reg[57]/C (clocked by sys_clk_pin) and mem_read_write/ddr2_control/app_wdf_data_reg[57]/D (clocked by clk_pll_i) that results in large hold timing violation(s) of -1.551 ns. Fixing large hold violations during routing might impact setup slack and result in more difficult timing closure
Related violations: <none>

TIMING-15#96 Warning
Large hold violation  
There is a large clock skew of 1.966 ns between mem_read_write/o_ddr_mem_write_data_reg[58]/C (clocked by sys_clk_pin) and mem_read_write/ddr2_control/app_wdf_data_reg[58]/D (clocked by clk_pll_i) that results in large hold timing violation(s) of -1.551 ns. Fixing large hold violations during routing might impact setup slack and result in more difficult timing closure
Related violations: <none>

TIMING-15#97 Warning
Large hold violation  
There is a large clock skew of 1.966 ns between mem_read_write/o_ddr_mem_write_data_reg[59]/C (clocked by sys_clk_pin) and mem_read_write/ddr2_control/app_wdf_data_reg[59]/D (clocked by clk_pll_i) that results in large hold timing violation(s) of -1.551 ns. Fixing large hold violations during routing might impact setup slack and result in more difficult timing closure
Related violations: <none>

TIMING-15#98 Warning
Large hold violation  
There is a large clock skew of 1.966 ns between mem_read_write/o_ddr_mem_write_data_reg[5]/C (clocked by sys_clk_pin) and mem_read_write/ddr2_control/app_wdf_data_reg[5]/D (clocked by clk_pll_i) that results in large hold timing violation(s) of -1.551 ns. Fixing large hold violations during routing might impact setup slack and result in more difficult timing closure
Related violations: <none>

TIMING-15#99 Warning
Large hold violation  
There is a large clock skew of 1.966 ns between mem_read_write/o_ddr_mem_write_data_reg[60]/C (clocked by sys_clk_pin) and mem_read_write/ddr2_control/app_wdf_data_reg[60]/D (clocked by clk_pll_i) that results in large hold timing violation(s) of -1.551 ns. Fixing large hold violations during routing might impact setup slack and result in more difficult timing closure
Related violations: <none>

TIMING-15#100 Warning
Large hold violation  
There is a large clock skew of 1.966 ns between mem_read_write/o_ddr_mem_write_data_reg[61]/C (clocked by sys_clk_pin) and mem_read_write/ddr2_control/app_wdf_data_reg[61]/D (clocked by clk_pll_i) that results in large hold timing violation(s) of -1.551 ns. Fixing large hold violations during routing might impact setup slack and result in more difficult timing closure
Related violations: <none>

TIMING-15#101 Warning
Large hold violation  
There is a large clock skew of 1.966 ns between mem_read_write/o_ddr_mem_write_data_reg[62]/C (clocked by sys_clk_pin) and mem_read_write/ddr2_control/app_wdf_data_reg[62]/D (clocked by clk_pll_i) that results in large hold timing violation(s) of -1.551 ns. Fixing large hold violations during routing might impact setup slack and result in more difficult timing closure
Related violations: <none>

TIMING-15#102 Warning
Large hold violation  
There is a large clock skew of 1.966 ns between mem_read_write/o_ddr_mem_write_data_reg[63]/C (clocked by sys_clk_pin) and mem_read_write/ddr2_control/app_wdf_data_reg[63]/D (clocked by clk_pll_i) that results in large hold timing violation(s) of -1.551 ns. Fixing large hold violations during routing might impact setup slack and result in more difficult timing closure
Related violations: <none>

TIMING-15#103 Warning
Large hold violation  
There is a large clock skew of 1.966 ns between mem_read_write/o_ddr_mem_write_data_reg[64]/C (clocked by sys_clk_pin) and mem_read_write/ddr2_control/app_wdf_data_reg[64]/D (clocked by clk_pll_i) that results in large hold timing violation(s) of -1.551 ns. Fixing large hold violations during routing might impact setup slack and result in more difficult timing closure
Related violations: <none>

TIMING-15#104 Warning
Large hold violation  
There is a large clock skew of 1.966 ns between mem_read_write/o_ddr_mem_write_data_reg[65]/C (clocked by sys_clk_pin) and mem_read_write/ddr2_control/app_wdf_data_reg[65]/D (clocked by clk_pll_i) that results in large hold timing violation(s) of -1.551 ns. Fixing large hold violations during routing might impact setup slack and result in more difficult timing closure
Related violations: <none>

TIMING-15#105 Warning
Large hold violation  
There is a large clock skew of 1.966 ns between mem_read_write/o_ddr_mem_write_data_reg[66]/C (clocked by sys_clk_pin) and mem_read_write/ddr2_control/app_wdf_data_reg[66]/D (clocked by clk_pll_i) that results in large hold timing violation(s) of -1.551 ns. Fixing large hold violations during routing might impact setup slack and result in more difficult timing closure
Related violations: <none>

TIMING-15#106 Warning
Large hold violation  
There is a large clock skew of 1.966 ns between mem_read_write/o_ddr_mem_write_data_reg[67]/C (clocked by sys_clk_pin) and mem_read_write/ddr2_control/app_wdf_data_reg[67]/D (clocked by clk_pll_i) that results in large hold timing violation(s) of -1.551 ns. Fixing large hold violations during routing might impact setup slack and result in more difficult timing closure
Related violations: <none>

TIMING-15#107 Warning
Large hold violation  
There is a large clock skew of 1.966 ns between mem_read_write/o_ddr_mem_write_data_reg[68]/C (clocked by sys_clk_pin) and mem_read_write/ddr2_control/app_wdf_data_reg[68]/D (clocked by clk_pll_i) that results in large hold timing violation(s) of -1.551 ns. Fixing large hold violations during routing might impact setup slack and result in more difficult timing closure
Related violations: <none>

TIMING-15#108 Warning
Large hold violation  
There is a large clock skew of 1.966 ns between mem_read_write/o_ddr_mem_write_data_reg[69]/C (clocked by sys_clk_pin) and mem_read_write/ddr2_control/app_wdf_data_reg[69]/D (clocked by clk_pll_i) that results in large hold timing violation(s) of -1.551 ns. Fixing large hold violations during routing might impact setup slack and result in more difficult timing closure
Related violations: <none>

TIMING-15#109 Warning
Large hold violation  
There is a large clock skew of 1.966 ns between mem_read_write/o_ddr_mem_write_data_reg[6]/C (clocked by sys_clk_pin) and mem_read_write/ddr2_control/app_wdf_data_reg[6]/D (clocked by clk_pll_i) that results in large hold timing violation(s) of -1.551 ns. Fixing large hold violations during routing might impact setup slack and result in more difficult timing closure
Related violations: <none>

TIMING-15#110 Warning
Large hold violation  
There is a large clock skew of 1.966 ns between mem_read_write/o_ddr_mem_write_data_reg[70]/C (clocked by sys_clk_pin) and mem_read_write/ddr2_control/app_wdf_data_reg[70]/D (clocked by clk_pll_i) that results in large hold timing violation(s) of -1.551 ns. Fixing large hold violations during routing might impact setup slack and result in more difficult timing closure
Related violations: <none>

TIMING-15#111 Warning
Large hold violation  
There is a large clock skew of 1.966 ns between mem_read_write/o_ddr_mem_write_data_reg[71]/C (clocked by sys_clk_pin) and mem_read_write/ddr2_control/app_wdf_data_reg[71]/D (clocked by clk_pll_i) that results in large hold timing violation(s) of -1.551 ns. Fixing large hold violations during routing might impact setup slack and result in more difficult timing closure
Related violations: <none>

TIMING-15#112 Warning
Large hold violation  
There is a large clock skew of 1.966 ns between mem_read_write/o_ddr_mem_write_data_reg[72]/C (clocked by sys_clk_pin) and mem_read_write/ddr2_control/app_wdf_data_reg[72]/D (clocked by clk_pll_i) that results in large hold timing violation(s) of -1.551 ns. Fixing large hold violations during routing might impact setup slack and result in more difficult timing closure
Related violations: <none>

TIMING-15#113 Warning
Large hold violation  
There is a large clock skew of 1.966 ns between mem_read_write/o_ddr_mem_write_data_reg[73]/C (clocked by sys_clk_pin) and mem_read_write/ddr2_control/app_wdf_data_reg[73]/D (clocked by clk_pll_i) that results in large hold timing violation(s) of -1.551 ns. Fixing large hold violations during routing might impact setup slack and result in more difficult timing closure
Related violations: <none>

TIMING-15#114 Warning
Large hold violation  
There is a large clock skew of 1.966 ns between mem_read_write/o_ddr_mem_write_data_reg[74]/C (clocked by sys_clk_pin) and mem_read_write/ddr2_control/app_wdf_data_reg[74]/D (clocked by clk_pll_i) that results in large hold timing violation(s) of -1.551 ns. Fixing large hold violations during routing might impact setup slack and result in more difficult timing closure
Related violations: <none>

TIMING-15#115 Warning
Large hold violation  
There is a large clock skew of 1.966 ns between mem_read_write/o_ddr_mem_write_data_reg[75]/C (clocked by sys_clk_pin) and mem_read_write/ddr2_control/app_wdf_data_reg[75]/D (clocked by clk_pll_i) that results in large hold timing violation(s) of -1.551 ns. Fixing large hold violations during routing might impact setup slack and result in more difficult timing closure
Related violations: <none>

TIMING-15#116 Warning
Large hold violation  
There is a large clock skew of 1.966 ns between mem_read_write/o_ddr_mem_write_data_reg[76]/C (clocked by sys_clk_pin) and mem_read_write/ddr2_control/app_wdf_data_reg[76]/D (clocked by clk_pll_i) that results in large hold timing violation(s) of -1.551 ns. Fixing large hold violations during routing might impact setup slack and result in more difficult timing closure
Related violations: <none>

TIMING-15#117 Warning
Large hold violation  
There is a large clock skew of 1.966 ns between mem_read_write/o_ddr_mem_write_data_reg[77]/C (clocked by sys_clk_pin) and mem_read_write/ddr2_control/app_wdf_data_reg[77]/D (clocked by clk_pll_i) that results in large hold timing violation(s) of -1.551 ns. Fixing large hold violations during routing might impact setup slack and result in more difficult timing closure
Related violations: <none>

TIMING-15#118 Warning
Large hold violation  
There is a large clock skew of 1.966 ns between mem_read_write/o_ddr_mem_write_data_reg[78]/C (clocked by sys_clk_pin) and mem_read_write/ddr2_control/app_wdf_data_reg[78]/D (clocked by clk_pll_i) that results in large hold timing violation(s) of -1.551 ns. Fixing large hold violations during routing might impact setup slack and result in more difficult timing closure
Related violations: <none>

TIMING-15#119 Warning
Large hold violation  
There is a large clock skew of 1.966 ns between mem_read_write/o_ddr_mem_write_data_reg[79]/C (clocked by sys_clk_pin) and mem_read_write/ddr2_control/app_wdf_data_reg[79]/D (clocked by clk_pll_i) that results in large hold timing violation(s) of -1.551 ns. Fixing large hold violations during routing might impact setup slack and result in more difficult timing closure
Related violations: <none>

TIMING-15#120 Warning
Large hold violation  
There is a large clock skew of 1.966 ns between mem_read_write/o_ddr_mem_write_data_reg[7]/C (clocked by sys_clk_pin) and mem_read_write/ddr2_control/app_wdf_data_reg[7]/D (clocked by clk_pll_i) that results in large hold timing violation(s) of -1.551 ns. Fixing large hold violations during routing might impact setup slack and result in more difficult timing closure
Related violations: <none>

TIMING-15#121 Warning
Large hold violation  
There is a large clock skew of 1.966 ns between mem_read_write/o_ddr_mem_write_data_reg[80]/C (clocked by sys_clk_pin) and mem_read_write/ddr2_control/app_wdf_data_reg[80]/D (clocked by clk_pll_i) that results in large hold timing violation(s) of -1.551 ns. Fixing large hold violations during routing might impact setup slack and result in more difficult timing closure
Related violations: <none>

TIMING-15#122 Warning
Large hold violation  
There is a large clock skew of 1.966 ns between mem_read_write/o_ddr_mem_write_data_reg[81]/C (clocked by sys_clk_pin) and mem_read_write/ddr2_control/app_wdf_data_reg[81]/D (clocked by clk_pll_i) that results in large hold timing violation(s) of -1.551 ns. Fixing large hold violations during routing might impact setup slack and result in more difficult timing closure
Related violations: <none>

TIMING-15#123 Warning
Large hold violation  
There is a large clock skew of 1.966 ns between mem_read_write/o_ddr_mem_write_data_reg[82]/C (clocked by sys_clk_pin) and mem_read_write/ddr2_control/app_wdf_data_reg[82]/D (clocked by clk_pll_i) that results in large hold timing violation(s) of -1.551 ns. Fixing large hold violations during routing might impact setup slack and result in more difficult timing closure
Related violations: <none>

TIMING-15#124 Warning
Large hold violation  
There is a large clock skew of 1.966 ns between mem_read_write/o_ddr_mem_write_data_reg[83]/C (clocked by sys_clk_pin) and mem_read_write/ddr2_control/app_wdf_data_reg[83]/D (clocked by clk_pll_i) that results in large hold timing violation(s) of -1.551 ns. Fixing large hold violations during routing might impact setup slack and result in more difficult timing closure
Related violations: <none>

TIMING-15#125 Warning
Large hold violation  
There is a large clock skew of 1.966 ns between mem_read_write/o_ddr_mem_write_data_reg[84]/C (clocked by sys_clk_pin) and mem_read_write/ddr2_control/app_wdf_data_reg[84]/D (clocked by clk_pll_i) that results in large hold timing violation(s) of -1.551 ns. Fixing large hold violations during routing might impact setup slack and result in more difficult timing closure
Related violations: <none>

TIMING-15#126 Warning
Large hold violation  
There is a large clock skew of 1.966 ns between mem_read_write/o_ddr_mem_write_data_reg[85]/C (clocked by sys_clk_pin) and mem_read_write/ddr2_control/app_wdf_data_reg[85]/D (clocked by clk_pll_i) that results in large hold timing violation(s) of -1.551 ns. Fixing large hold violations during routing might impact setup slack and result in more difficult timing closure
Related violations: <none>

TIMING-15#127 Warning
Large hold violation  
There is a large clock skew of 1.966 ns between mem_read_write/o_ddr_mem_write_data_reg[86]/C (clocked by sys_clk_pin) and mem_read_write/ddr2_control/app_wdf_data_reg[86]/D (clocked by clk_pll_i) that results in large hold timing violation(s) of -1.551 ns. Fixing large hold violations during routing might impact setup slack and result in more difficult timing closure
Related violations: <none>

TIMING-15#128 Warning
Large hold violation  
There is a large clock skew of 1.966 ns between mem_read_write/o_ddr_mem_write_data_reg[87]/C (clocked by sys_clk_pin) and mem_read_write/ddr2_control/app_wdf_data_reg[87]/D (clocked by clk_pll_i) that results in large hold timing violation(s) of -1.551 ns. Fixing large hold violations during routing might impact setup slack and result in more difficult timing closure
Related violations: <none>

TIMING-15#129 Warning
Large hold violation  
There is a large clock skew of 1.966 ns between mem_read_write/o_ddr_mem_write_data_reg[88]/C (clocked by sys_clk_pin) and mem_read_write/ddr2_control/app_wdf_data_reg[88]/D (clocked by clk_pll_i) that results in large hold timing violation(s) of -1.551 ns. Fixing large hold violations during routing might impact setup slack and result in more difficult timing closure
Related violations: <none>

TIMING-15#130 Warning
Large hold violation  
There is a large clock skew of 1.966 ns between mem_read_write/o_ddr_mem_write_data_reg[89]/C (clocked by sys_clk_pin) and mem_read_write/ddr2_control/app_wdf_data_reg[89]/D (clocked by clk_pll_i) that results in large hold timing violation(s) of -1.551 ns. Fixing large hold violations during routing might impact setup slack and result in more difficult timing closure
Related violations: <none>

TIMING-15#131 Warning
Large hold violation  
There is a large clock skew of 1.966 ns between mem_read_write/o_ddr_mem_write_data_reg[8]/C (clocked by sys_clk_pin) and mem_read_write/ddr2_control/app_wdf_data_reg[8]/D (clocked by clk_pll_i) that results in large hold timing violation(s) of -1.551 ns. Fixing large hold violations during routing might impact setup slack and result in more difficult timing closure
Related violations: <none>

TIMING-15#132 Warning
Large hold violation  
There is a large clock skew of 1.966 ns between mem_read_write/o_ddr_mem_write_data_reg[90]/C (clocked by sys_clk_pin) and mem_read_write/ddr2_control/app_wdf_data_reg[90]/D (clocked by clk_pll_i) that results in large hold timing violation(s) of -1.551 ns. Fixing large hold violations during routing might impact setup slack and result in more difficult timing closure
Related violations: <none>

TIMING-15#133 Warning
Large hold violation  
There is a large clock skew of 1.966 ns between mem_read_write/o_ddr_mem_write_data_reg[91]/C (clocked by sys_clk_pin) and mem_read_write/ddr2_control/app_wdf_data_reg[91]/D (clocked by clk_pll_i) that results in large hold timing violation(s) of -1.551 ns. Fixing large hold violations during routing might impact setup slack and result in more difficult timing closure
Related violations: <none>

TIMING-15#134 Warning
Large hold violation  
There is a large clock skew of 1.966 ns between mem_read_write/o_ddr_mem_write_data_reg[92]/C (clocked by sys_clk_pin) and mem_read_write/ddr2_control/app_wdf_data_reg[92]/D (clocked by clk_pll_i) that results in large hold timing violation(s) of -1.551 ns. Fixing large hold violations during routing might impact setup slack and result in more difficult timing closure
Related violations: <none>

TIMING-15#135 Warning
Large hold violation  
There is a large clock skew of 1.966 ns between mem_read_write/o_ddr_mem_write_data_reg[93]/C (clocked by sys_clk_pin) and mem_read_write/ddr2_control/app_wdf_data_reg[93]/D (clocked by clk_pll_i) that results in large hold timing violation(s) of -1.551 ns. Fixing large hold violations during routing might impact setup slack and result in more difficult timing closure
Related violations: <none>

TIMING-15#136 Warning
Large hold violation  
There is a large clock skew of 1.966 ns between mem_read_write/o_ddr_mem_write_data_reg[94]/C (clocked by sys_clk_pin) and mem_read_write/ddr2_control/app_wdf_data_reg[94]/D (clocked by clk_pll_i) that results in large hold timing violation(s) of -1.551 ns. Fixing large hold violations during routing might impact setup slack and result in more difficult timing closure
Related violations: <none>

TIMING-15#137 Warning
Large hold violation  
There is a large clock skew of 1.966 ns between mem_read_write/o_ddr_mem_write_data_reg[95]/C (clocked by sys_clk_pin) and mem_read_write/ddr2_control/app_wdf_data_reg[95]/D (clocked by clk_pll_i) that results in large hold timing violation(s) of -1.551 ns. Fixing large hold violations during routing might impact setup slack and result in more difficult timing closure
Related violations: <none>

TIMING-15#138 Warning
Large hold violation  
There is a large clock skew of 1.966 ns between mem_read_write/o_ddr_mem_write_data_reg[96]/C (clocked by sys_clk_pin) and mem_read_write/ddr2_control/app_wdf_data_reg[96]/D (clocked by clk_pll_i) that results in large hold timing violation(s) of -1.551 ns. Fixing large hold violations during routing might impact setup slack and result in more difficult timing closure
Related violations: <none>

TIMING-15#139 Warning
Large hold violation  
There is a large clock skew of 1.966 ns between mem_read_write/o_ddr_mem_write_data_reg[97]/C (clocked by sys_clk_pin) and mem_read_write/ddr2_control/app_wdf_data_reg[97]/D (clocked by clk_pll_i) that results in large hold timing violation(s) of -1.551 ns. Fixing large hold violations during routing might impact setup slack and result in more difficult timing closure
Related violations: <none>

TIMING-15#140 Warning
Large hold violation  
There is a large clock skew of 1.966 ns between mem_read_write/o_ddr_mem_write_data_reg[98]/C (clocked by sys_clk_pin) and mem_read_write/ddr2_control/app_wdf_data_reg[98]/D (clocked by clk_pll_i) that results in large hold timing violation(s) of -1.551 ns. Fixing large hold violations during routing might impact setup slack and result in more difficult timing closure
Related violations: <none>

TIMING-15#141 Warning
Large hold violation  
There is a large clock skew of 1.966 ns between mem_read_write/o_ddr_mem_write_data_reg[99]/C (clocked by sys_clk_pin) and mem_read_write/ddr2_control/app_wdf_data_reg[99]/D (clocked by clk_pll_i) that results in large hold timing violation(s) of -1.551 ns. Fixing large hold violations during routing might impact setup slack and result in more difficult timing closure
Related violations: <none>

TIMING-15#142 Warning
Large hold violation  
There is a large clock skew of 1.966 ns between mem_read_write/o_ddr_mem_write_data_reg[9]/C (clocked by sys_clk_pin) and mem_read_write/ddr2_control/app_wdf_data_reg[9]/D (clocked by clk_pll_i) that results in large hold timing violation(s) of -1.551 ns. Fixing large hold violations during routing might impact setup slack and result in more difficult timing closure
Related violations: <none>

TIMING-15#143 Warning
Large hold violation  
There is a large clock skew of 1.966 ns between mem_read_write/r_app_wdf_mask_reg[11]/C (clocked by sys_clk_pin) and mem_read_write/ddr2_control/app_wdf_mask_reg[11]/D (clocked by clk_pll_i) that results in large hold timing violation(s) of -1.551 ns. Fixing large hold violations during routing might impact setup slack and result in more difficult timing closure
Related violations: <none>

TIMING-15#144 Warning
Large hold violation  
There is a large clock skew of 1.966 ns between mem_read_write/r_app_wdf_mask_reg[15]/C (clocked by sys_clk_pin) and mem_read_write/ddr2_control/app_wdf_mask_reg[15]/D (clocked by clk_pll_i) that results in large hold timing violation(s) of -1.551 ns. Fixing large hold violations during routing might impact setup slack and result in more difficult timing closure
Related violations: <none>

TIMING-15#145 Warning
Large hold violation  
There is a large clock skew of 1.966 ns between mem_read_write/r_app_wdf_mask_reg[3]/C (clocked by sys_clk_pin) and mem_read_write/ddr2_control/app_wdf_mask_reg[3]/D (clocked by clk_pll_i) that results in large hold timing violation(s) of -1.551 ns. Fixing large hold violations during routing might impact setup slack and result in more difficult timing closure
Related violations: <none>

TIMING-15#146 Warning
Large hold violation  
There is a large clock skew of 1.966 ns between mem_read_write/r_app_wdf_mask_reg[7]/C (clocked by sys_clk_pin) and mem_read_write/ddr2_control/app_wdf_mask_reg[7]/D (clocked by clk_pll_i) that results in large hold timing violation(s) of -1.551 ns. Fixing large hold violations during routing might impact setup slack and result in more difficult timing closure
Related violations: <none>

TIMING-15#147 Warning
Large hold violation  
There is a large clock skew of 1.966 ns between r_mem_addr_reg[10]/C (clocked by sys_clk_pin) and mem_read_write/ddr2_control/app_addr_reg[11]/D (clocked by clk_pll_i) that results in large hold timing violation(s) of -1.466 ns. Fixing large hold violations during routing might impact setup slack and result in more difficult timing closure
Related violations: <none>

TIMING-15#148 Warning
Large hold violation  
There is a large clock skew of 1.966 ns between r_mem_addr_reg[11]/C (clocked by sys_clk_pin) and mem_read_write/ddr2_control/app_addr_reg[12]/D (clocked by clk_pll_i) that results in large hold timing violation(s) of -1.466 ns. Fixing large hold violations during routing might impact setup slack and result in more difficult timing closure
Related violations: <none>

TIMING-15#149 Warning
Large hold violation  
There is a large clock skew of 1.966 ns between r_mem_addr_reg[12]/C (clocked by sys_clk_pin) and mem_read_write/ddr2_control/app_addr_reg[13]/D (clocked by clk_pll_i) that results in large hold timing violation(s) of -1.465 ns. Fixing large hold violations during routing might impact setup slack and result in more difficult timing closure
Related violations: <none>

TIMING-15#150 Warning
Large hold violation  
There is a large clock skew of 1.966 ns between r_mem_addr_reg[13]/C (clocked by sys_clk_pin) and mem_read_write/ddr2_control/app_addr_reg[14]/D (clocked by clk_pll_i) that results in large hold timing violation(s) of -1.469 ns. Fixing large hold violations during routing might impact setup slack and result in more difficult timing closure
Related violations: <none>

TIMING-15#151 Warning
Large hold violation  
There is a large clock skew of 1.966 ns between r_mem_addr_reg[14]/C (clocked by sys_clk_pin) and mem_read_write/ddr2_control/app_addr_reg[15]/D (clocked by clk_pll_i) that results in large hold timing violation(s) of -1.534 ns. Fixing large hold violations during routing might impact setup slack and result in more difficult timing closure
Related violations: <none>

TIMING-15#152 Warning
Large hold violation  
There is a large clock skew of 1.966 ns between r_mem_addr_reg[15]/C (clocked by sys_clk_pin) and mem_read_write/ddr2_control/app_addr_reg[16]/D (clocked by clk_pll_i) that results in large hold timing violation(s) of -1.534 ns. Fixing large hold violations during routing might impact setup slack and result in more difficult timing closure
Related violations: <none>

TIMING-15#153 Warning
Large hold violation  
There is a large clock skew of 1.966 ns between r_mem_addr_reg[16]/C (clocked by sys_clk_pin) and mem_read_write/ddr2_control/app_addr_reg[17]/D (clocked by clk_pll_i) that results in large hold timing violation(s) of -1.534 ns. Fixing large hold violations during routing might impact setup slack and result in more difficult timing closure
Related violations: <none>

TIMING-15#154 Warning
Large hold violation  
There is a large clock skew of 1.966 ns between r_mem_addr_reg[17]/C (clocked by sys_clk_pin) and mem_read_write/ddr2_control/app_addr_reg[18]/D (clocked by clk_pll_i) that results in large hold timing violation(s) of -1.534 ns. Fixing large hold violations during routing might impact setup slack and result in more difficult timing closure
Related violations: <none>

TIMING-15#155 Warning
Large hold violation  
There is a large clock skew of 1.966 ns between r_mem_addr_reg[18]/C (clocked by sys_clk_pin) and mem_read_write/ddr2_control/app_addr_reg[19]/D (clocked by clk_pll_i) that results in large hold timing violation(s) of -1.534 ns. Fixing large hold violations during routing might impact setup slack and result in more difficult timing closure
Related violations: <none>

TIMING-15#156 Warning
Large hold violation  
There is a large clock skew of 1.966 ns between r_mem_addr_reg[19]/C (clocked by sys_clk_pin) and mem_read_write/ddr2_control/app_addr_reg[20]/D (clocked by clk_pll_i) that results in large hold timing violation(s) of -1.534 ns. Fixing large hold violations during routing might impact setup slack and result in more difficult timing closure
Related violations: <none>

TIMING-15#157 Warning
Large hold violation  
There is a large clock skew of 1.966 ns between r_mem_addr_reg[20]/C (clocked by sys_clk_pin) and mem_read_write/ddr2_control/app_addr_reg[21]/D (clocked by clk_pll_i) that results in large hold timing violation(s) of -1.534 ns. Fixing large hold violations during routing might impact setup slack and result in more difficult timing closure
Related violations: <none>

TIMING-15#158 Warning
Large hold violation  
There is a large clock skew of 1.966 ns between r_mem_addr_reg[21]/C (clocked by sys_clk_pin) and mem_read_write/ddr2_control/app_addr_reg[22]/D (clocked by clk_pll_i) that results in large hold timing violation(s) of -1.534 ns. Fixing large hold violations during routing might impact setup slack and result in more difficult timing closure
Related violations: <none>

TIMING-15#159 Warning
Large hold violation  
There is a large clock skew of 1.966 ns between r_mem_addr_reg[22]/C (clocked by sys_clk_pin) and mem_read_write/ddr2_control/app_addr_reg[23]/D (clocked by clk_pll_i) that results in large hold timing violation(s) of -1.534 ns. Fixing large hold violations during routing might impact setup slack and result in more difficult timing closure
Related violations: <none>

TIMING-15#160 Warning
Large hold violation  
There is a large clock skew of 1.966 ns between r_mem_addr_reg[23]/C (clocked by sys_clk_pin) and mem_read_write/ddr2_control/app_addr_reg[24]/D (clocked by clk_pll_i) that results in large hold timing violation(s) of -1.534 ns. Fixing large hold violations during routing might impact setup slack and result in more difficult timing closure
Related violations: <none>

TIMING-15#161 Warning
Large hold violation  
There is a large clock skew of 1.966 ns between r_mem_addr_reg[24]/C (clocked by sys_clk_pin) and mem_read_write/ddr2_control/app_addr_reg[25]/D (clocked by clk_pll_i) that results in large hold timing violation(s) of -1.534 ns. Fixing large hold violations during routing might impact setup slack and result in more difficult timing closure
Related violations: <none>

TIMING-15#162 Warning
Large hold violation  
There is a large clock skew of 1.966 ns between r_mem_addr_reg[2]_rep__1/C (clocked by sys_clk_pin) and mem_read_write/ddr2_control/app_addr_reg[3]/D (clocked by clk_pll_i) that results in large hold timing violation(s) of -1.450 ns. Fixing large hold violations during routing might impact setup slack and result in more difficult timing closure
Related violations: <none>

TIMING-15#163 Warning
Large hold violation  
There is a large clock skew of 1.966 ns between r_mem_addr_reg[3]_rep__1/C (clocked by sys_clk_pin) and mem_read_write/ddr2_control/app_addr_reg[4]/D (clocked by clk_pll_i) that results in large hold timing violation(s) of -1.450 ns. Fixing large hold violations during routing might impact setup slack and result in more difficult timing closure
Related violations: <none>

TIMING-15#164 Warning
Large hold violation  
There is a large clock skew of 1.966 ns between r_mem_addr_reg[4]_rep__1/C (clocked by sys_clk_pin) and mem_read_write/ddr2_control/app_addr_reg[5]/D (clocked by clk_pll_i) that results in large hold timing violation(s) of -1.450 ns. Fixing large hold violations during routing might impact setup slack and result in more difficult timing closure
Related violations: <none>

TIMING-15#165 Warning
Large hold violation  
There is a large clock skew of 1.966 ns between r_mem_addr_reg[5]_rep__1/C (clocked by sys_clk_pin) and mem_read_write/ddr2_control/app_addr_reg[6]/D (clocked by clk_pll_i) that results in large hold timing violation(s) of -1.450 ns. Fixing large hold violations during routing might impact setup slack and result in more difficult timing closure
Related violations: <none>

TIMING-15#166 Warning
Large hold violation  
There is a large clock skew of 1.966 ns between r_mem_addr_reg[6]_rep__1/C (clocked by sys_clk_pin) and mem_read_write/ddr2_control/app_addr_reg[7]/D (clocked by clk_pll_i) that results in large hold timing violation(s) of -1.450 ns. Fixing large hold violations during routing might impact setup slack and result in more difficult timing closure
Related violations: <none>

TIMING-15#167 Warning
Large hold violation  
There is a large clock skew of 1.966 ns between r_mem_addr_reg[7]_rep__1/C (clocked by sys_clk_pin) and mem_read_write/ddr2_control/app_addr_reg[8]/D (clocked by clk_pll_i) that results in large hold timing violation(s) of -1.450 ns. Fixing large hold violations during routing might impact setup slack and result in more difficult timing closure
Related violations: <none>

TIMING-15#168 Warning
Large hold violation  
There is a large clock skew of 1.966 ns between r_mem_addr_reg[8]_rep__1/C (clocked by sys_clk_pin) and mem_read_write/ddr2_control/app_addr_reg[9]/D (clocked by clk_pll_i) that results in large hold timing violation(s) of -1.441 ns. Fixing large hold violations during routing might impact setup slack and result in more difficult timing closure
Related violations: <none>

TIMING-15#169 Warning
Large hold violation  
There is a large clock skew of 1.966 ns between r_mem_addr_reg[9]_rep__1/C (clocked by sys_clk_pin) and mem_read_write/ddr2_control/app_addr_reg[10]/D (clocked by clk_pll_i) that results in large hold timing violation(s) of -1.445 ns. Fixing large hold violations during routing might impact setup slack and result in more difficult timing closure
Related violations: <none>

XDCB-5#1 Warning
Runtime inefficient way to find pin objects  
The option '-to : [get_pins -hier -include_replicated_objects -filter {NAME =~ *temp_mon_enabled.u_tempmon/device_temp_sync_r1_reg[*]/D}]' of constraint 'set_max_delay' uses inefficient query to find pin objects (see constraint position '6' in the Timing Constraint window in Vivado IDE). To reduce runtime, it is recommended to get the pins through the cell objects. Please refer to Using Constraints Guide (Constraints Efficiency). An example of optimal query is: get_pins -filter {REF_PIN_NAME=~yy*} -of_objects [get_cells -hierarchical xx*].
Current XDC: /home/graham/Documents/src/fpga/FPGA_CPU_32_DDR_cache/FPGA_CPU_32_DDR_cache.srcs/sources_1/ip/mig_7series_0/mig_7series_0/user_design/constraints/mig_7series_0.xdc (Line: 344)
Related violations: <none>

REQP-1959#1 Advisory
connects_SERDES_RST_driver_not_FF  
mem_read_write/ddr2_control/mig_7series_0/u_mig_7series_0_mig/u_memc_ui_top_std/mem_intfc0/ddr_phy_top0/u_ddr_mc_phy_wrapper/u_ddr_mc_phy/ddr_phy_4lanes_0.u_ddr_phy_4lanes/ddr_byte_lane_A.ddr_byte_lane_A/ddr_byte_group_io/input_[1].iserdes_dq_.iserdesdq: The RST pin should only be driven by a Flip-flop.
Related violations: <none>

REQP-1959#2 Advisory
connects_SERDES_RST_driver_not_FF  
mem_read_write/ddr2_control/mig_7series_0/u_mig_7series_0_mig/u_memc_ui_top_std/mem_intfc0/ddr_phy_top0/u_ddr_mc_phy_wrapper/u_ddr_mc_phy/ddr_phy_4lanes_0.u_ddr_phy_4lanes/ddr_byte_lane_A.ddr_byte_lane_A/ddr_byte_group_io/input_[3].iserdes_dq_.iserdesdq: The RST pin should only be driven by a Flip-flop.
Related violations: <none>

REQP-1959#3 Advisory
connects_SERDES_RST_driver_not_FF  
mem_read_write/ddr2_control/mig_7series_0/u_mig_7series_0_mig/u_memc_ui_top_std/mem_intfc0/ddr_phy_top0/u_ddr_mc_phy_wrapper/u_ddr_mc_phy/ddr_phy_4lanes_0.u_ddr_phy_4lanes/ddr_byte_lane_A.ddr_byte_lane_A/ddr_byte_group_io/input_[4].iserdes_dq_.iserdesdq: The RST pin should only be driven by a Flip-flop.
Related violations: <none>

REQP-1959#4 Advisory
connects_SERDES_RST_driver_not_FF  
mem_read_write/ddr2_control/mig_7series_0/u_mig_7series_0_mig/u_memc_ui_top_std/mem_intfc0/ddr_phy_top0/u_ddr_mc_phy_wrapper/u_ddr_mc_phy/ddr_phy_4lanes_0.u_ddr_phy_4lanes/ddr_byte_lane_A.ddr_byte_lane_A/ddr_byte_group_io/input_[5].iserdes_dq_.iserdesdq: The RST pin should only be driven by a Flip-flop.
Related violations: <none>

REQP-1959#5 Advisory
connects_SERDES_RST_driver_not_FF  
mem_read_write/ddr2_control/mig_7series_0/u_mig_7series_0_mig/u_memc_ui_top_std/mem_intfc0/ddr_phy_top0/u_ddr_mc_phy_wrapper/u_ddr_mc_phy/ddr_phy_4lanes_0.u_ddr_phy_4lanes/ddr_byte_lane_A.ddr_byte_lane_A/ddr_byte_group_io/input_[6].iserdes_dq_.iserdesdq: The RST pin should only be driven by a Flip-flop.
Related violations: <none>

REQP-1959#6 Advisory
connects_SERDES_RST_driver_not_FF  
mem_read_write/ddr2_control/mig_7series_0/u_mig_7series_0_mig/u_memc_ui_top_std/mem_intfc0/ddr_phy_top0/u_ddr_mc_phy_wrapper/u_ddr_mc_phy/ddr_phy_4lanes_0.u_ddr_phy_4lanes/ddr_byte_lane_A.ddr_byte_lane_A/ddr_byte_group_io/input_[7].iserdes_dq_.iserdesdq: The RST pin should only be driven by a Flip-flop.
Related violations: <none>

REQP-1959#7 Advisory
connects_SERDES_RST_driver_not_FF  
mem_read_write/ddr2_control/mig_7series_0/u_mig_7series_0_mig/u_memc_ui_top_std/mem_intfc0/ddr_phy_top0/u_ddr_mc_phy_wrapper/u_ddr_mc_phy/ddr_phy_4lanes_0.u_ddr_phy_4lanes/ddr_byte_lane_A.ddr_byte_lane_A/ddr_byte_group_io/input_[8].iserdes_dq_.iserdesdq: The RST pin should only be driven by a Flip-flop.
Related violations: <none>

REQP-1959#8 Advisory
connects_SERDES_RST_driver_not_FF  
mem_read_write/ddr2_control/mig_7series_0/u_mig_7series_0_mig/u_memc_ui_top_std/mem_intfc0/ddr_phy_top0/u_ddr_mc_phy_wrapper/u_ddr_mc_phy/ddr_phy_4lanes_0.u_ddr_phy_4lanes/ddr_byte_lane_A.ddr_byte_lane_A/ddr_byte_group_io/input_[9].iserdes_dq_.iserdesdq: The RST pin should only be driven by a Flip-flop.
Related violations: <none>

REQP-1959#9 Advisory
connects_SERDES_RST_driver_not_FF  
mem_read_write/ddr2_control/mig_7series_0/u_mig_7series_0_mig/u_memc_ui_top_std/mem_intfc0/ddr_phy_top0/u_ddr_mc_phy_wrapper/u_ddr_mc_phy/ddr_phy_4lanes_0.u_ddr_phy_4lanes/ddr_byte_lane_C.ddr_byte_lane_C/ddr_byte_group_io/input_[0].iserdes_dq_.iserdesdq: The RST pin should only be driven by a Flip-flop.
Related violations: <none>

REQP-1959#10 Advisory
connects_SERDES_RST_driver_not_FF  
mem_read_write/ddr2_control/mig_7series_0/u_mig_7series_0_mig/u_memc_ui_top_std/mem_intfc0/ddr_phy_top0/u_ddr_mc_phy_wrapper/u_ddr_mc_phy/ddr_phy_4lanes_0.u_ddr_phy_4lanes/ddr_byte_lane_C.ddr_byte_lane_C/ddr_byte_group_io/input_[1].iserdes_dq_.iserdesdq: The RST pin should only be driven by a Flip-flop.
Related violations: <none>

REQP-1959#11 Advisory
connects_SERDES_RST_driver_not_FF  
mem_read_write/ddr2_control/mig_7series_0/u_mig_7series_0_mig/u_memc_ui_top_std/mem_intfc0/ddr_phy_top0/u_ddr_mc_phy_wrapper/u_ddr_mc_phy/ddr_phy_4lanes_0.u_ddr_phy_4lanes/ddr_byte_lane_C.ddr_byte_lane_C/ddr_byte_group_io/input_[2].iserdes_dq_.iserdesdq: The RST pin should only be driven by a Flip-flop.
Related violations: <none>

REQP-1959#12 Advisory
connects_SERDES_RST_driver_not_FF  
mem_read_write/ddr2_control/mig_7series_0/u_mig_7series_0_mig/u_memc_ui_top_std/mem_intfc0/ddr_phy_top0/u_ddr_mc_phy_wrapper/u_ddr_mc_phy/ddr_phy_4lanes_0.u_ddr_phy_4lanes/ddr_byte_lane_C.ddr_byte_lane_C/ddr_byte_group_io/input_[4].iserdes_dq_.iserdesdq: The RST pin should only be driven by a Flip-flop.
Related violations: <none>

REQP-1959#13 Advisory
connects_SERDES_RST_driver_not_FF  
mem_read_write/ddr2_control/mig_7series_0/u_mig_7series_0_mig/u_memc_ui_top_std/mem_intfc0/ddr_phy_top0/u_ddr_mc_phy_wrapper/u_ddr_mc_phy/ddr_phy_4lanes_0.u_ddr_phy_4lanes/ddr_byte_lane_C.ddr_byte_lane_C/ddr_byte_group_io/input_[5].iserdes_dq_.iserdesdq: The RST pin should only be driven by a Flip-flop.
Related violations: <none>

REQP-1959#14 Advisory
connects_SERDES_RST_driver_not_FF  
mem_read_write/ddr2_control/mig_7series_0/u_mig_7series_0_mig/u_memc_ui_top_std/mem_intfc0/ddr_phy_top0/u_ddr_mc_phy_wrapper/u_ddr_mc_phy/ddr_phy_4lanes_0.u_ddr_phy_4lanes/ddr_byte_lane_C.ddr_byte_lane_C/ddr_byte_group_io/input_[6].iserdes_dq_.iserdesdq: The RST pin should only be driven by a Flip-flop.
Related violations: <none>

REQP-1959#15 Advisory
connects_SERDES_RST_driver_not_FF  
mem_read_write/ddr2_control/mig_7series_0/u_mig_7series_0_mig/u_memc_ui_top_std/mem_intfc0/ddr_phy_top0/u_ddr_mc_phy_wrapper/u_ddr_mc_phy/ddr_phy_4lanes_0.u_ddr_phy_4lanes/ddr_byte_lane_C.ddr_byte_lane_C/ddr_byte_group_io/input_[7].iserdes_dq_.iserdesdq: The RST pin should only be driven by a Flip-flop.
Related violations: <none>

REQP-1959#16 Advisory
connects_SERDES_RST_driver_not_FF  
mem_read_write/ddr2_control/mig_7series_0/u_mig_7series_0_mig/u_memc_ui_top_std/mem_intfc0/ddr_phy_top0/u_ddr_mc_phy_wrapper/u_ddr_mc_phy/ddr_phy_4lanes_0.u_ddr_phy_4lanes/ddr_byte_lane_C.ddr_byte_lane_C/ddr_byte_group_io/input_[8].iserdes_dq_.iserdesdq: The RST pin should only be driven by a Flip-flop.
Related violations: <none>


